,Price (NPR),Year,Fuel,Kilometer Run,Color,Mileage (Km/L),Engine (CC),Transmission,Brand,Age
0,2487500,2015,Petrol,42000,brown,14,1400,Manual 2WD,Hyundai,10
1,750000,2005,Petrol,87412,blue,11,1399,Auto 2WD,Hyundai,20
2,700000,2013,Diesel,60000,white,14,2956,Manual 2WD,Tata,12
3,600000,2017,Diesel,49000,others,14,1200,Manual 4WD,Mahindra,8
4,3750000,2019,Petrol,2400,white,17,1200,Auto 2WD,Hyundai,6
5,1400000,2014,Diesel,49000,silver,12,2956,Manual 2WD,Tata,11
6,700000,2019,Petrol,80000,brown,15,889,Auto 2WD,Tata,6
7,580000,2004,Petrol,75000,black,14,800,Manual 2WD,Maruti Suzuki,21
8,1845000,2014,Petrol,31000,silver,14,1200,Manual 2WD,Hyundai,11
9,2050000,2016,Petrol,41000,blue,17,1200,Auto 4WD,Maruti Suzuki,9
10,1025000,2008,Petrol,43000,others,20,1200,Manual 2WD,Maruti Suzuki,17
11,1350000,2010,Petrol,4200,red,14,1100,Manual 4WD,Hyundai,15
12,1250000,2018,Diesel,49000,others,14,1200,Manual 2WD,Mahindra,7
13,3250000,2011,Diesel,49000,others,14,1200,Manual 4WD,Kia,14
14,1950000,2015,Diesel,65000,silver,14,2500,Manual 4WD,Mahindra,10
15,3200000,2019,Electric,61000,silver,15,2100,Manual 2WD,Mahindra,6
16,2500000,2015,Diesel,42000,brown,14,1400,Manual 2WD,Hyundai,10
17,5100000,2019,Diesel,51000,white,14,2499,Manual 4WD,Other Brands,6
18,5300000,2021,Electric,12200,red,300,105,Auto 2WD,Other Brands,4
19,5800000,2019,Electric,9000,white,14,1200,Auto 2WD,Kia,6
20,1350000,2010,Petrol,49000,gold,14,1200,Manual 2WD,Hyundai,15
21,2350000,2017,Petrol,7000,red,14,1197,Manual 2WD,Hyundai,8
22,1850000,2014,Petrol,45000,silver,14,1200,Manual 2WD,Hyundai,11
23,1430000,2011,Petrol,59000,white,18,1399,Manual 2WD,Kia,14
24,2600000,2019,Petrol,18300,grey,13,1200,Manual 2WD,Hyundai,6
25,3750000,2017,Diesel,42000,white,21,1582,Manual 2WD,Hyundai,8
26,1780000,2017,Petrol,49000,white,14,1193,Manual 2WD,Tata,8
27,1360000,2010,Petrol,53000,silver,15,1100,Manual 2WD,Hyundai,15
28,950000,2013,Petrol,49000,silver,10,1400,Auto 2WD,Tata,12
29,2650000,2017,Petrol,29000,grey,19,1200,Manual 2WD,Maruti Suzuki,8
30,7850000,2018,Diesel,42000,silver,12,2800,Manual 4WD,Toyota,7
31,1275000,2016,Petrol,48000,blue,16,1200,Manual 2WD,Datsun,9
32,2400000,2010,Diesel,75000,red,10,2500,Manual 4WD,Nissan,15
33,1300000,2009,Petrol,80000,blue,19,1086,Auto 2WD,Hyundai,16
34,2950000,2017,Petrol,26000,others,17,1500,Manual 2WD,Ford,8
35,1550077,2016,Petrol,57000,red,14,1368,Manual 2WD,Fiat,9
36,3525000,2021,Petrol,13750,white,18,1200,Manual 2WD,Hyundai,4
37,3450000,2016,Diesel,750840,others,14,1200,Auto 4WD,Mahindra,9
38,550000,2003,Petrol,52000,grey,15,1299,Manual 2WD,Ford,22
39,1500000,2016,Petrol,70000,white,14,1200,Manual 2WD,Ford,9
40,640000,2002,Petrol,49000,others,14,1086,Manual 2WD,Hyundai,23
41,3250000,2011,Diesel,67000,brown,13,2000,Manual 4WD,Kia,14
42,550000,1997,Diesel,49000,others,14,1200,Auto 2WD,Nissan,28
43,3399000,2023,Petrol,49000,brown,14,999,Manual 2WD,Nissan,2
44,575000,2007,Petrol,49000,gold,12,1200,Manual 2WD,Chevrolet,18
45,2850000,2017,Petrol,38000,others,14,1200,Manual 2WD,Hyundai,8
46,1050000,2010,Petrol,75000,red,15,1086,Manual 2WD,Maruti Suzuki,15
47,1050000,2007,Petrol,71000,white,14,1086,Manual 2WD,Hyundai,18
48,749000,2006,Petrol,74000,silver,16,1000,Manual 4WD,Maruti Suzuki,19
49,4300000,2019,Petrol,24000,white,14,1600,Manual 2WD,Hyundai,6
50,895000,2009,Petrol,49000,others,14,1200,Manual 2WD,Maruti Suzuki,16
51,1400000,2010,Petrol,39888,blue,14,1200,Manual 2WD,Hyundai,15
52,550000,2006,Petrol,49000,others,17,1400,Manual 2WD,Hyundai,19
53,2350000,2016,Petrol,34200,white,14,1200,Manual 2WD,Honda,9
54,475000,2002,Petrol,70000,silver,18,1000,Auto 2WD,Maruti Suzuki,23
55,1825000,2017,Diesel,49000,orange,14,1200,Power Steering,Tata,8
56,2100000,2016,Diesel,30000,yellow,10,3700,Manual 2WD,Other Brands,9
57,2450000,2016,Petrol,30000,others,12,1200,Manual 2WD,Honda,9
58,700000,2012,Diesel,60000,yellow,5,3783,Auto 2WD,Tata,13
59,1599999,2014,Petrol,42500,grey,14,250,Manual 2WD,Nissan,11
60,4499999,2021,Petrol,3700,grey,3800,1200,Manual 4WD,Nissan,4
61,9700000,2021,Petrol,16777,others,14,1200,Auto 4WD,Great Wall Motors,4
62,1550000,2016,Petrol,49000,others,14,1200,Manual 4WD,Ford,9
63,1650000,2011,Petrol,55708,grey,12,1600,Manual 2WD,Volkswagen,14
64,9750000,2010,Petrol,57000,grey,18,1200,Auto 2WD,Kia,15
65,2050000,2020,Electric,6000,grey,160,1200,Auto 2WD,Mahindra,5
66,1400000,2011,Petrol,57560,silver,14,1084,Manual 2WD,Hyundai,14
67,2299999,2015,Petrol,49000,others,14,1200,Manual 2WD,Hyundai,10
68,2099000,2014,Petrol,55000,brown,14,1200,Manual 2WD,Honda,11
69,2099000,2014,Petrol,55000,brown,16,1200,Manual 2WD,Honda,11
70,1425000,2009,Petrol,70000,others,13,1300,Manual 2WD,Maruti Suzuki,16
71,1400000,2014,Diesel,60000,white,18,1248,Manual 2WD,Tata,11
72,1250000,2020,Diesel,49000,blue,14,1200,Manual 2WD,Other Brands,5
73,1480000,2012,Petrol,49000,white,14,1200,Manual 2WD,Volkswagen,13
74,2000000,2017,Petrol,35200,silver,16,1200,Auto 2WD,Maruti Suzuki,8
75,5200000,2022,Petrol,6700,white,15,1500,Manual 2WD,Kia,3
76,500000,2005,Petrol,49000,others,14,1200,Power Steering,Other Brands,20
77,2100000,2017,Diesel,93726,yellow,14,1948,Manual 2WD,Tata,8
78,1950000,2013,Petrol,47000,silver,14,1200,Auto 2WD,Maruti Suzuki,12
79,8000000,2021,Diesel,9500,white,17,1956,Manual 2WD,Jeep,4
80,375000,2000,Petrol,71000,silver,10,1400,Manual 2WD,Other Brands,25
81,920000,2009,Petrol,70000,others,14,1200,Auto 2WD,Maruti Suzuki,16
82,3200000,2010,Diesel,70000,beige,14,2000,Manual 4WD,Nissan,15
83,5500000,2021,Petrol,24800,others,15,1000,Manual 2WD,Skoda,4
84,5750000,2021,Petrol,14500,others,12,1500,Auto 2WD,Kia,4
85,1175000,2013,Petrol,32000,others,15,800,Manual 2WD,Hyundai,12
86,4125000,2021,Petrol,12000,silver,16,1500,Manual 2WD,Maruti Suzuki,4
87,3700000,2022,Electric,12000,blue,270,30,Auto 2WD,Tata,3
88,16700000,2016,Diesel,46543,white,14,2882,Auto 4WD,Toyota,9
89,7650000,2020,Diesel,32000,blue,12,2400,Manual 4WD,Mitsubishi,5
90,3300000,2017,Petrol,70000,white,15,1599,Manual 2WD,Hyundai,8
91,2775000,2008,Petrol,71000,white,14,1500,Manual 4WD,Daihatsu,17
92,1400000,2015,Petrol,49000,silver,12,1200,Power Steering,Maruti Suzuki,10
93,4000000,2020,Petrol,34000,others,15,1500,Manual 2WD,Maruti Suzuki,5
94,3000000,2020,Petrol,11000,blue,18,1200,Manual 2WD,Maruti Suzuki,5
95,1005000,2009,Petrol,49000,silver,12,1300,Manual 2WD,Jeep,16
96,1500000,2021,Diesel,45000,white,14,2900,Manual 2WD,Tata,4
97,1225000,2010,Petrol,62000,grey,15,1200,Auto 2WD,Maruti Suzuki,15
98,7000000,2010,Diesel,52000,gold,10,2800,Manual 4WD,Toyota,15
99,1325000,2016,Petrol,42500,red,18,800,Manual 2WD,Maruti Suzuki,9
100,2300000,2016,Petrol,25000,grey,14,1200,Auto 2WD,Maruti Suzuki,9
101,2100000,2018,Diesel,59000,white,15,2523,Manual 4WD,Mahindra,7
102,2750000,2016,Petrol,23000,grey,14,1200,Manual 2WD,Hyundai,9
103,2525000,2019,Petrol,17000,silver,15,1200,Manual 2WD,Hyundai,6
104,2325000,2010,Petrol,72000,black,12,1800,Manual 4WD,Skoda,15
105,2350000,2021,Diesel,49000,white,14,2500,Power Steering,Mahindra,4
106,1599000,2010,Petrol,60500,grey,14,1197,Manual 2WD,Hyundai,15
107,420000,2012,Petrol,49000,white,18,800,Auto 2WD,Maruti Suzuki,13
108,1500000,2011,Petrol,45400,blue,14,1200,Manual 2WD,Hyundai,14
109,5800000,2021,Petrol,8000,white,14,1600,Auto 2WD,Kia,4
110,2075000,2021,Petrol,31000,silver,14,1200,Manual 2WD,Maruti Suzuki,4
111,2975000,2016,Diesel,62370,silver,16,2179,Manual 2WD,Mahindra,9
112,3990000,2019,Petrol,38000,red,14,1600,Auto 2WD,Ssangyong,6
113,700000,2010,Diesel,49000,others,14,3500,Manual 4WD,Tata,15
114,2100000,2014,Petrol,58000,white,18,1200,Manual 2WD,Maruti Suzuki,11
115,350000,2007,Diesel,35000,blue,7,1948,Auto 2WD,Tata,18
116,400000,2014,Petrol,5500,white,14,800,Auto 2WD,Maruti Suzuki,11
117,950000,2010,Diesel,49000,others,14,2500,Manual 2WD,Mahindra,15
118,395900,2000,Petrol,50000,silver,15,1600,Manual 2WD,Other Brands,25
119,2350000,2014,Diesel,97500,green,15,2200,Manual 2WD,Mahindra,11
120,1075900,2011,Petrol,40000,blue,15,1600,Manual 2WD,Other Brands,14
121,1600000,2015,Petrol,25125,silver,12,1383,Manual 2WD,Fiat,10
122,500000,2007,Diesel,71000,black,14,1500,Manual 2WD,Tata,18
123,900000,2012,Petrol,30000,gold,18,995,Manual 2WD,Chevrolet,13
124,1720000,2007,Diesel,100000,white,14,2400,Manual 2WD,Mahindra,18
125,1500000,2010,Petrol,43000,white,14,1198,Auto 2WD,Hyundai,15
126,1050000,2006,Petrol,49000,blue,14,1086,Power Steering,Hyundai,19
127,1800000,1975,Petrol,95000,silver,12,1200,Manual 2WD,Toyota,50
128,2265000,2018,Petrol,43000,silver,16,1200,Power Steering,Maruti Suzuki,7
129,2600000,2016,Petrol,34000,white,14,1200,Manual 2WD,Hyundai,9
130,1450000,2005,Diesel,95000,red,11,2000,Manual 4WD,Kia,20
131,1900000,2013,Petrol,49000,others,14,1000,Manual 2WD,Ford,12
132,2350000,2009,Petrol,55000,white,12,1600,Manual 2WD,Toyota,16
133,1600000,2015,Petrol,65000,silver,12,1600,Manual 2WD,Skoda,10
134,800000,2003,Petrol,90000,others,14,1086,Manual 2WD,Hyundai,22
135,570000,2002,Petrol,89,blue,14,1086,Manual 2WD,Hyundai,23
136,470000,2001,Petrol,95,white,14,1000,Manual 2WD,Hyundai,24
137,3080000,2021,Petrol,10000,grey,12,1200,Manual 2WD,Kia,4
138,3850000,2022,Electric,49000,others,14,1200,Auto 2WD,Tata,3
139,1290000,2008,Petrol,67000,grey,12,1200,Manual 2WD,Hyundai,17
140,1125000,2010,Petrol,72000,blue,20,1000,Auto 2WD,Maruti Suzuki,15
141,950000,2005,Petrol,49000,white,14,1086,Manual 2WD,Hyundai,20
142,1490000,2013,Petrol,40000,grey,14,1086,Manual 2WD,Hyundai,12
143,2075000,2016,Petrol,39000,blue,14,1197,Manual 2WD,Maruti Suzuki,9
144,1075000,2010,Petrol,61477,silver,14,996,Manual 2WD,Maruti Suzuki,15
145,1300000,2010,Petrol,49000,others,14,1200,Manual 2WD,Maruti Suzuki,15
146,500000,2015,Petrol,40000,white,15,800,Manual 4WD,Maruti Suzuki,10
147,2250000,2015,Petrol,46000,silver,14,1200,Manual 2WD,Maruti Suzuki,10
148,1100000,2018,Diesel,95000,white,16,1405,Manual 4WD,Tata,7
149,1525000,2010,Petrol,49000,others,14,1198,Manual 2WD,Hyundai,15
150,4034000,2023,Petrol,49000,others,14,999,Manual 2WD,Nissan,2
151,2075000,2016,Petrol,47000,brown,16,1200,Manual 2WD,Maruti Suzuki,9
152,650000,2001,Petrol,80000,silver,15,1000,Power Steering,Hyundai,24
153,2550000,2019,Petrol,17000,silver,14,1196,Manual 4WD,Hyundai,6
154,500000,2001,Petrol,90000,others,14,2800,Manual 2WD,Other Brands,24
155,2050000,2015,Petrol,35000,black,14,1600,Manual 2WD,Volkswagen,10
156,1550000,2015,Petrol,35000,white,13,1400,Manual 2WD,Fiat,10
157,4575000,2019,Petrol,38000,white,14,1500,Manual 2WD,Hyundai,6
158,2250000,2016,Petrol,50000,orange,14,15000,Manual 2WD,Ford,9
159,2865000,2017,Petrol,35000,brown,14,1197,Manual 2WD,Hyundai,8
160,2900000,2017,Petrol,38000,white,14,1200,Manual 2WD,Hyundai,8
161,1250000,2012,Petrol,38000,gold,14,1400,Manual 2WD,Chevrolet,13
162,2300000,2018,Petrol,27000,brown,14,1200,Manual 2WD,Hyundai,7
163,3150000,2010,Petrol,75000,grey,14,2000,Manual 2WD,Volkswagen,15
164,3975000,2021,Petrol,30000,red,14,1300,Manual 2WD,Maruti Suzuki,4
165,1265000,2009,Petrol,61000,blue,14,1197,Manual 2WD,Hyundai,16
166,395000,2003,Diesel,75000,green,14,1400,Manual 2WD,Tata,22
167,390000,2000,Petrol,90000,black,13,1400,Manual 2WD,Tata,25
168,1550000,2016,Diesel,45000,white,13,2523,Manual 4WD,Mahindra,9
169,2425000,2016,Petrol,38000,orange,13,1500,Manual 2WD,Ford,9
170,2275000,2015,Petrol,40000,silver,14,1200,Manual 2WD,Hyundai,10
171,1525000,2014,Petrol,38000,silver,14,1197,Manual 2WD,Nissan,11
172,1399000,2009,Petrol,52000,grey,14,1300,Manual 2WD,Maruti Suzuki,16
173,875000,2007,Petrol,61000,silver,14,1000,Manual 2WD,Daihatsu,18
174,2150000,2007,Diesel,78000,red,13,2000,Manual 4WD,Hyundai,18
175,540000,2014,Petrol,610000,white,14,800,Manual 2WD,Maruti Suzuki,11
176,1400000,2007,Petrol,100000,silver,14,1400,Auto 2WD,Toyota,18
177,2190000,2017,Petrol,38000,brown,14,1197,Manual 2WD,Maruti Suzuki,8
178,1375000,2014,Petrol,28000,silver,16,1000,Manual 2WD,Maruti Suzuki,11
179,2125000,2014,Petrol,48000,others,14,1197,Manual 2WD,Hyundai,11
180,1150000,2014,Diesel,70,white,16,1400,Manual 2WD,Ford,11
181,9700000,2015,Diesel,49000,white,14,3000,Manual 4WD,Toyota,10
182,1350000,2012,Petrol,59000,blue,14,1200,Manual 2WD,Honda,13
183,1625000,2010,Petrol,61000,others,14,1500,Manual 2WD,Mazda,15
184,1950000,2007,Petrol,49000,silver,14,1200,Manual 4WD,Maruti Suzuki,18
185,1725000,2013,Petrol,62000,others,14,1200,Manual 2WD,Volkswagen,12
186,1375000,2016,Electric,49000,others,14,1200,Auto 2WD,Mahindra,9
187,1675000,2012,Petrol,52000,silver,14,1200,Manual 2WD,Maruti Suzuki,13
188,1999999,2017,Petrol,50000,white,17,1200,Manual 2WD,Tata,8
189,750000,2008,Petrol,49000,grey,14,800,Manual 2WD,Maruti Suzuki,17
190,795000,2010,Diesel,64000,silver,18,1405,Manual 2WD,Tata,15
191,3650000,2021,Petrol,21000,white,14,1200,Manual 2WD,Hyundai,4
192,4275000,2020,Petrol,28500,grey,16,1500,Manual 2WD,Kia,5
193,2450000,2021,Petrol,5600,silver,15,1000,Manual 2WD,Nissan,4
194,1900000,2013,Petrol,45000,silver,18,1200,Auto 2WD,Maruti Suzuki,12
195,3950000,2019,Petrol,20000,white,14,1600,Manual 2WD,Hyundai,6
196,1850000,2014,Petrol,40000,green,12,1000,Auto 2WD,Maruti Suzuki,11
197,3400000,2018,Diesel,40000,blue,18,1500,Auto 2WD,Tata,7
198,1100000,2007,Petrol,60000,silver,14,1000,Manual 4WD,Hyundai,18
199,2850000,2017,Petrol,50000,brown,14,1200,Manual 2WD,Hyundai,8
200,1175000,2010,Diesel,70000,green,14,2169,Manual 4WD,Tata,15
201,3150000,2016,Diesel,50000,blue,12,2200,Manual 2WD,Mahindra,9
202,2299000,2015,Diesel,50000,grey,15,1499,Manual 2WD,Ford,10
203,1500000,2015,Petrol,49000,others,14,1100,Manual 2WD,Maruti Suzuki,10
204,6200000,2021,Petrol,17000,grey,14,1200,Auto 2WD,Volkswagen,4
205,6200000,2010,Diesel,98000,white,14,2967,Auto 4WD,Volkswagen,15
206,5500000,2019,Petrol,30000,white,14,1591,Manual 2WD,Hyundai,6
207,2400000,2016,Petrol,36000,orange,12,1596,Manual 2WD,Renault,9
208,1050000,2010,Petrol,65000,others,10,1596,Manual 2WD,Other Brands,15
209,650000,2003,Petrol,49000,others,15,1000,Power Steering,Hyundai,22
210,1375000,2010,Diesel,47000,silver,14,1400,Manual 2WD,Hyundai,15
211,1185000,2009,Petrol,45000,silver,15,1300,Manual 2WD,Maruti Suzuki,16
212,630000,2017,Diesel,5900,blue,15,702,Auto 2WD,Tata,8
213,1475000,2017,Petrol,38300,white,14,1196,Manual 2WD,Maruti Suzuki,8
214,4050000,2021,Petrol,17000,silver,20,1500,Manual 2WD,Maruti Suzuki,4
215,5700000,2016,Diesel,36200,grey,14,2500,Manual 4WD,Kia,9
216,1475000,2017,Petrol,38300,white,14,1196,Manual 2WD,Maruti Suzuki,8
217,3300000,2016,Petrol,56000,silver,14,2000,Power Steering,Mahindra,9
218,6500000,2020,Electric,20000,blue,550,1200,Auto 2WD,Hyundai,5
219,1350000,2009,Petrol,64000,silver,13,1298,Manual 2WD,Maruti Suzuki,16
220,2350000,2009,Diesel,73000,blue,12,2000,Manual 4WD,Hyundai,16
221,1700000,2013,Petrol,62000,white,14,1200,Manual 2WD,Hyundai,12
222,1400000,2015,Diesel,130000,silver,14,2200,Manual 4WD,Tata,10
223,4800000,2022,Diesel,49000,white,14,1200,Manual 2WD,Hyundai,3
224,7600000,2017,Petrol,65000,white,15,2700,Auto 4WD,Toyota,8
225,3100000,2017,Diesel,56000,grey,18,1248,Manual 2WD,Maruti Suzuki,8
226,975000,2008,Diesel,56000,silver,14,1948,Manual 2WD,Tata,17
227,1350000,2009,Petrol,49000,black,14,1197,Manual 2WD,Hyundai,16
228,3700000,2021,Diesel,3700,yellow,14,4898,Power Steering,Eicher,4
229,699000,2007,Petrol,49000,silver,14,800,Auto 2WD,Maruti Suzuki,18
230,500000,2007,Petrol,20,black,14,1500,Auto 2WD,Tata,18
231,1400000,2010,Petrol,61000,grey,15,1300,Power Steering,Maruti Suzuki,15
232,1500000,2010,Petrol,86000,black,14,1600,Manual 2WD,Jeep,15
233,1250000,2015,Petrol,40352,grey,14,800,Manual 2WD,Maruti Suzuki,10
234,525000,2012,Petrol,8200,white,10,800,Manual 2WD,Maruti Suzuki,13
235,1500000,2016,Diesel,80000,others,14,2900,Manual 2WD,Tata,9
236,1750000,2018,Diesel,60000,white,12,2523,Manual 4WD,Mahindra,7
237,1350000,2014,Diesel,49000,others,14,1200,Auto 4WD,Mahindra,11
238,2275000,2021,Petrol,15000,grey,14,1000,Manual 2WD,Maruti Suzuki,4
239,1325000,2009,Petrol,70000,silver,14,1200,Auto 2WD,Hyundai,16
240,2149999,2015,Petrol,41100,red,16,1200,Manual 2WD,Maruti Suzuki,10
241,1450000,2017,Petrol,53000,white,14,2500,Manual 2WD,Mahindra,8
242,1100000,2011,Petrol,58000,silver,17,1000,Power Steering,Maruti Suzuki,14
243,1100000,2007,Petrol,75000,silver,14,1500,Manual 2WD,Honda,18
244,11500000,2014,Diesel,49000,silver,14,3000,Auto 4WD,Nissan,11
245,2500000,2016,Petrol,81000,silver,15,1200,Manual 2WD,Hyundai,9
246,4300000,2014,Petrol,59000,white,14,1500,Manual 4WD,Daihatsu,11
247,1150000,2007,Petrol,57000,black,13,1096,Manual 2WD,Hyundai,18
248,515000,2007,Petrol,49000,white,19,796,Auto 2WD,Maruti Suzuki,18
249,365000,2002,Petrol,56000,white,18,796,Auto 2WD,Maruti Suzuki,23
250,350000,2010,Petrol,80000,white,10,800,Auto 2WD,Maruti Suzuki,15
251,2500000,2010,Petrol,49000,others,14,1200,Manual 2WD,Other Brands,15
252,1385000,2009,Petrol,76500,blue,14,1300,Manual 2WD,Maruti Suzuki,16
253,950000,2020,Diesel,28250,white,14,700,Manual 2WD,Tata,5
254,5100000,2021,Electric,49000,white,14,1200,Auto 2WD,Other Brands,4
255,1700000,1998,Petrol,98000,green,18,1200,Manual 4WD,Maruti Suzuki,27
256,2225000,2021,Petrol,15000,grey,14,1086,Manual 2WD,Hyundai,4
257,1800000,2010,Petrol,76342,brown,14,1400,Auto 2WD,Hyundai,15
258,2225000,2021,Petrol,15000,grey,14,1100,Manual 2WD,Hyundai,4
259,1600000,2014,Petrol,35000,silver,14,1186,Manual 2WD,Hyundai,11
260,650000,2015,Diesel,49000,others,14,1200,Auto 4WD,Eicher,10
261,1250000,2006,Petrol,69000,others,13,1596,Manual 2WD,Nissan,19
262,2260000,2016,Petrol,42000,others,14,1200,Manual 2WD,Maruti Suzuki,9
263,950000,2011,Diesel,77000,white,12,2523,Manual 4WD,Mahindra,14
264,2100000,2015,Petrol,47000,grey,14,1197,Manual 2WD,Maruti Suzuki,10
265,1575000,2010,Petrol,58000,grey,13,1197,Manual 2WD,Hyundai,15
266,575000,1997,Petrol,98521,blue,12,850,Manual 2WD,Daihatsu,28
267,1050000,2014,Diesel,790000,white,10,2900,Manual 2WD,Mahindra,11
268,3550000,2018,Petrol,49000,blue,14,1500,Manual 2WD,Ford,7
269,2400000,2017,Petrol,29000,silver,15,1200,Manual 2WD,Tata,8
270,1075000,2013,Petrol,45000,blue,22,814,Manual 2WD,Hyundai,12
271,2650000,2015,Diesel,155000,white,15,2179,Auto 2WD,Mahindra,10
272,1200000,2013,Petrol,56000,white,15,1200,Manual 2WD,Ford,12
273,1800000,2014,Petrol,49000,green,14,1000,Auto 2WD,Maruti Suzuki,11
274,1300000,2010,Petrol,75000,white,12,1100,Manual 2WD,Hyundai,15
275,875000,1997,Diesel,49000,red,14,2800,Auto 4WD,Toyota,28
276,1025000,2006,Petrol,100000,grey,18,1100,Manual 2WD,Hyundai,19
277,1100000,2017,Petrol,72256,others,14,1300,Manual 2WD,Maruti Suzuki,8
278,1700000,2015,Diesel,49000,white,14,1200,Auto 4WD,Mahindra,10
279,895000,2014,Diesel,9800,silver,12,5223,Auto 2WD,Mahindra,11
280,1275000,2008,Petrol,62000,blue,14,1200,Manual 2WD,Hyundai,17
281,3600000,2021,Electric,25000,blue,270,1200,Auto 2WD,Tata,4
282,2550000,2018,Petrol,49000,others,15,800,Auto 2WD,Maruti Suzuki,7
283,1035000,2006,Petrol,68500,silver,15,1086,Manual 2WD,Hyundai,19
284,2300000,2018,Petrol,47000,white,16,1200,Auto 2WD,Ford,7
285,1485000,2010,Petrol,46374,silver,14,1200,Manual 2WD,Hyundai,15
286,2000000,2006,Diesel,54000,coffee,13,2000,Auto 4WD,Kia,19
287,2050000,2009,Diesel,85000,brown,16,1991,Auto 4WD,Hyundai,16
288,2700000,2010,Petrol,50000,silver,10,2000,Manual 2WD,Hyundai,15
289,5500000,2019,Electric,46000,silver,14,1200,Auto 2WD,Kia,6
290,2300000,2016,Diesel,60965,silver,18,2500,Manual 4WD,Other Brands,9
291,4499999,2017,Diesel,56000,silver,14,2499,Manual 4WD,Other Brands,8
292,1770000,2015,Petrol,75000,black,14,1500,Manual 2WD,Ford,10
293,24000000,2017,Diesel,78564,silver,14,3000,Auto 4WD,Toyota,8
294,400000,2003,Petrol,70000,white,14,796,Auto 2WD,Maruti Suzuki,22
295,2050000,2009,Petrol,77000,red,18,1200,Manual 2WD,Toyota,16
296,985000,2012,Petrol,52000,red,12,1200,Manual 2WD,Ford,13
297,1800000,2016,Petrol,50000,white,14,1200,Manual 2WD,Ford,9
298,2490000,2016,Petrol,47000,others,18,1300,Manual 2WD,Maruti Suzuki,9
299,699000,2004,Petrol,69000,white,69000,800,Manual 2WD,Maruti Suzuki,21
300,1375000,2009,Petrol,49000,silver,13,1298,Manual 2WD,Maruti Suzuki,16
301,775000,2003,Petrol,80000,blue,14,1100,Manual 2WD,Hyundai,22
302,2150000,2015,Petrol,42000,white,14,1500,Auto 2WD,Ford,10
303,1400000,2012,Petrol,49000,others,14,1200,Auto 2WD,Hyundai,13
304,2400000,2016,Petrol,30000,others,14,1200,Manual 2WD,Hyundai,9
305,1500000,2020,Diesel,49000,white,50,1200,Auto 4WD,Mahindra,5
306,1050000,2021,Diesel,30000,blue,18,800,Auto 2WD,Tata,4
307,1750000,2014,Petrol,49000,grey,14,1200,Manual 2WD,Hyundai,11
308,1450000,2010,Petrol,53000,silver,12,1200,Manual 2WD,Hyundai,15
309,4500000,2020,Diesel,55000,white,11,2500,Manual 4WD,Other Brands,5
310,575000,2012,Petrol,25000,others,14,1000,Manual 2WD,Chevrolet,13
311,900000,2017,Diesel,1700000,white,10,2900,Manual 2WD,Tata,8
312,600000,2004,Petrol,45000,grey,14,1300,Auto 2WD,Kia,21
313,11000000,2017,Diesel,35000,black,14,2157,Auto 4WD,Ssangyong,8
314,1450000,2017,Petrol,40000,silver,12,1200,Manual 2WD,Nissan,8
315,3450000,2021,Petrol,30000,silver,17,1497,Manual 2WD,Ford,4
316,1600000,2017,Diesel,70000,red,14,1656,Manual 4WD,Ford,8
317,2150000,2018,Petrol,38000,white,20,998,Auto 4WD,Maruti Suzuki,7
318,7000000,2008,Diesel,110000,silver,6,3000,Manual 4WD,Toyota,17
319,2450000,2010,Petrol,56000,grey,10,1998,Auto 4WD,Kia,15
320,1600000,2016,Diesel,49000,white,14,2523,Manual 4WD,Tata,9
321,1775000,2014,Petrol,57000,brown,14,1200,Manual 2WD,Honda,11
322,425000,1998,Diesel,49000,silver,14,2000,Manual 2WD,Nissan,27
323,1250000,2014,Petrol,23000,silver,17,800,Manual 2WD,Maruti Suzuki,11
324,2000000,2016,Petrol,49000,silver,14,1200,Manual 2WD,Maruti Suzuki,9
325,3400000,1998,Diesel,146000,blue,10,2800,Manual 4WD,Toyota,27
326,2950000,2015,Petrol,49000,silver,14,1600,Manual 2WD,Hyundai,10
327,850000,2006,Diesel,1500,silver,12,2950,Auto 2WD,Tata,19
328,1500000,2018,Diesel,35000,white,14,2999,Manual 2WD,Other Brands,7
329,1300000,2014,Diesel,50000,white,14,1248,Manual 2WD,Tata,11
330,3474000,2022,Petrol,315,blue,17,1197,Manual 2WD,Maruti Suzuki,3
331,1125000,2008,Petrol,76009,grey,14,1086,Auto 2WD,Hyundai,17
332,1500000,2017,Petrol,14000,white,14,1200,Power Steering,Datsun,8
333,4500000,2003,Petrol,62000,blue,14,2000,Auto 2WD,Other Brands,22
334,1250000,2007,Petrol,90000,gold,14,1500,Manual 2WD,Nissan,18
335,8300000,2016,Diesel,73000,white,14,3200,Auto 4WD,Ford,9
336,2900000,2021,Petrol,13000,silver,16,1200,Manual 2WD,Tata,4
337,3100000,2020,Petrol,6700,silver,20,1200,Manual 2WD,Hyundai,5
338,1950000,2008,Petrol,71000,grey,11,1600,Manual 2WD,Toyota,17
339,2100000,2009,Diesel,90000,silver,12,2000,Manual 4WD,Hyundai,16
340,1400000,2011,Diesel,114000,silver,14,2600,Manual 2WD,Kia,14
341,860000,2009,Petrol,67,red,17,800,Manual 2WD,Maruti Suzuki,16
342,1850000,2015,Petrol,19800,grey,14,1100,Power Steering,Hyundai,10
343,1165000,2010,Petrol,50000,red,50000,1075,Manual 2WD,Hyundai,15
344,950000,2007,Petrol,67000,white,18,1047,Manual 2WD,Hyundai,18
345,2200000,2014,Petrol,47000,silver,15,1600,Manual 2WD,Volkswagen,11
346,685000,2019,Petrol,49000,white,12,800,Auto 2WD,Maruti Suzuki,6
347,725000,2009,Petrol,63000,red,14,995,Manual 2WD,Chevrolet,16
348,6650000,2021,Petrol,17000,white,15,1499,Auto 2WD,Hyundai,4
349,2000000,2014,Petrol,21000,silver,14,1600,Power Steering,Volkswagen,11
350,2250000,2016,Petrol,59000,white,14,1200,Manual 2WD,Maruti Suzuki,9
351,1250000,2015,Petrol,40000,grey,18,800,Manual 2WD,Maruti Suzuki,10
352,635000,2018,Petrol,49000,others,14,1200,Manual 2WD,Maruti Suzuki,7
353,1000000,2008,Petrol,20000,red,14,1300,Manual 2WD,Other Brands,17
354,1050000,2008,Petrol,68000,black,11,1600,Manual 4WD,Chevrolet,17
355,1675000,2013,Petrol,49000,silver,14,1600,Manual 2WD,Volkswagen,12
356,5500000,2021,Electric,20000,white,400,1200,Auto 2WD,Other Brands,4
357,1975000,2013,Petrol,31000,others,15,1500,Manual 2WD,Ford,12
358,2250000,2007,Diesel,49000,white,14,2495,Manual 4WD,Mitsubishi,18
359,2300000,2009,Diesel,67000,blue,14,1997,Manual 4WD,Hyundai,16
360,3900000,2017,Diesel,70,white,14,2179,Manual 4WD,Mahindra,8
361,3000000,2011,Petrol,65000,blue,14,1600,Manual 2WD,Hyundai,14
362,875000,2007,Petrol,68000,silver,11,1400,Manual 2WD,Kia,18
363,1300000,2010,Petrol,68000,silver,13,1200,Manual 2WD,Maruti Suzuki,15
364,1650000,2016,Petrol,37000,grey,14,1000,Manual 2WD,Maruti Suzuki,9
365,2850000,2021,Petrol,22000,others,14,1200,Manual 2WD,Maruti Suzuki,4
366,5299000,2023,Hybrid,49000,others,19,1462,Manual 2WD,Maruti Suzuki,2
367,2450000,2014,Petrol,44000,silver,14,1200,Auto 2WD,Ford,11
368,2150000,2008,Diesel,65000,brown,12,2000,Auto 4WD,Hyundai,17
369,2625000,2018,Petrol,33598,silver,14,1200,Manual 2WD,Maruti Suzuki,7
370,2350000,2016,Petrol,47000,brown,10,1699,Manual 2WD,Volkswagen,9
371,1400000,2012,Petrol,49000,red,14,1200,Manual 2WD,Volkswagen,13
372,1100000,2010,Petrol,49565,red,15,1061,Manual 2WD,Maruti Suzuki,15
373,1250000,2019,Petrol,49000,others,14,1196,Manual 2WD,Maruti Suzuki,6
374,3200000,2016,Petrol,21500,others,14,1499,Power Steering,Hyundai,9
375,3100000,2016,Diesel,49000,others,14,2200,Manual 2WD,Mahindra,9
376,2090000,2014,Petrol,42000,grey,14,1197,Manual 2WD,Hyundai,11
377,1600000,2013,Petrol,62000,red,13,1200,Manual 2WD,Hyundai,12
378,2499000,2016,Petrol,49000,white,14,1200,Manual 2WD,Hyundai,9
379,3230000,2021,Petrol,8500,others,14,1200,Manual 2WD,Kia,4
380,1175000,2010,Petrol,50000,blue,14,1086,Manual 2WD,Kia,15
381,2050000,2015,Petrol,39000,silver,14,1197,Manual 2WD,Hyundai,10
382,4100000,2021,Petrol,32000,grey,14,1600,Manual 2WD,Nissan,4
383,795000,2005,Petrol,65000,black,14,1000,Manual 2WD,Kia,20
384,3500000,2019,Petrol,17000,others,14,1200,Manual 2WD,Maruti Suzuki,6
385,2950000,2021,Petrol,6000,others,13,1200,Manual 2WD,Hyundai,4
386,2050000,2008,Diesel,65000,silver,14,2500,Manual 4WD,Kia,17
387,690000,2012,Petrol,65000,silver,14,800,Auto 2WD,Maruti Suzuki,13
388,1300000,2013,Diesel,81000,white,18,1600,Manual 2WD,Mahindra,12
389,1150000,2016,Petrol,17000,grey,22,800,Manual 2WD,Datsun,9
390,5299000,2023,Hybrid,314,others,19,1462,Manual 2WD,Maruti Suzuki,2
391,2700000,2021,Petrol,16000,white,17,1000,Auto 2WD,Nissan,4
392,2600000,2016,Petrol,23000,silver,14,1600,Manual 2WD,Volkswagen,9
393,5500000,2017,Diesel,61000,silver,11,3200,Manual 4WD,Ford,8
394,3775000,2018,Petrol,35000,white,14,1500,Manual 2WD,Hyundai,7
395,1450000,2016,Petrol,45000,red,19,998,Auto 2WD,Maruti Suzuki,9
396,2500000,2015,Petrol,49000,others,14,1200,Manual 2WD,Tata,10
397,1100000,2013,Diesel,69500,silver,18,1248,Manual 2WD,Fiat,12
398,1580000,2011,Petrol,52000,grey,16,1197,Manual 2WD,Hyundai,14
399,850000,2016,Petrol,34000,silver,16,800,Auto 2WD,Maruti Suzuki,9
400,750000,2018,Diesel,75000,red,13,1000,Auto 2WD,Mahindra,7
401,1445000,2011,Petrol,51700,grey,18,1200,Manual 2WD,Hyundai,14
402,2500000,2011,Petrol,70000,grey,70,1200,Power Steering,Toyota,14
403,1850000,2014,Petrol,49000,white,15,1197,Manual 2WD,Maruti Suzuki,11
404,6500000,2021,Petrol,6000,silver,15,1500,Auto 2WD,Hyundai,4
405,1525000,2011,Diesel,70000,black,10,1896,Manual 2WD,Skoda,14
406,1500000,2011,Petrol,49000,grey,14,1086,Auto 2WD,Hyundai,14
407,5400000,2021,Electric,49000,white,14,1200,Auto 2WD,Other Brands,4
408,1700000,2012,Petrol,48000,others,14,1197,Auto 2WD,Hyundai,13
409,2475000,2018,Petrol,36500,grey,16,1200,Manual 2WD,Hyundai,7
410,2200000,2015,Petrol,49000,silver,14,1200,Manual 2WD,Ford,10
411,2000000,2009,Diesel,49000,green,14,1200,Manual 4WD,Hyundai,16
412,920000,2018,Petrol,35000,silver,13,796,Auto 2WD,Maruti Suzuki,7
413,1700000,2014,Petrol,52000,grey,14,1500,Power Steering,Toyota,11
414,1025000,2010,Petrol,51000,gold,14,996,Manual 2WD,Maruti Suzuki,15
415,4200000,2021,Petrol,16000,silver,14,1500,Power Steering,Maruti Suzuki,4
416,1599000,2007,Petrol,49000,red,15,1496,Manual 2WD,Toyota,18
417,1700000,2013,Petrol,49000,others,14,1200,Manual 2WD,Maruti Suzuki,12
418,1750000,2016,Petrol,44532,red,16,1000,Manual 2WD,Mahindra,9
419,1100000,2014,Petrol,65000,grey,16,1200,Auto 2WD,Datsun,11
420,2050000,2017,Petrol,45000,white,14,1200,Manual 2WD,Maruti Suzuki,8
421,950000,2006,Diesel,72000,blue,12,1086,Power Steering,Kia,19
422,520000,2001,Petrol,75,others,16,1061,Manual 2WD,Maruti Suzuki,24
423,1775000,2013,Petrol,53500,silver,14,1600,Manual 2WD,Volkswagen,12
424,3400000,2017,Diesel,49000,silver,14,2200,Manual 2WD,Mahindra,8
425,3125000,2021,Petrol,42000,others,14,1200,Manual 2WD,Kia,4
426,1200000,2016,Diesel,100000,white,14,1200,Auto 2WD,Mahindra,9
427,1575000,2015,Petrol,485780,grey,13,1196,Manual 2WD,Ford,10
428,5150000,2019,Petrol,49000,silver,14,1200,Manual 2WD,Hyundai,6
429,2450000,2020,Petrol,49000,silver,14,1200,Manual 2WD,Ford,5
430,1150000,2010,Petrol,49000,black,14,1200,Manual 2WD,Hyundai,15
431,335000,2000,Petrol,49000,others,14,1200,Manual 2WD,Maruti Suzuki,25
432,5240000,2021,Petrol,49000,others,14,1200,Auto 2WD,Volkswagen,4
433,1999000,2017,Petrol,49000,silver,20,1199,Manual 2WD,Tata,8
434,5200000,2017,Diesel,60000,others,14,2499,Manual 4WD,Other Brands,8
435,2725000,2017,Petrol,30000,white,14,1200,Manual 2WD,Hyundai,8
436,2050000,2014,Petrol,54383,silver,14,1196,Manual 2WD,Hyundai,11
437,1455000,2015,Petrol,52000,brown,14,1000,Manual 2WD,Maruti Suzuki,10
438,1170000,2009,Petrol,85000,blue,15,1200,Auto 2WD,Maruti Suzuki,16
439,2799000,2018,Diesel,90000,white,14,3700,Manual 2WD,Tata,7
440,1800000,2018,Diesel,90000,white,14,1200,Auto 4WD,Mahindra,7
441,550000,2004,Petrol,320000,white,11,1200,Auto 2WD,Kia,21
442,2100000,2015,Diesel,64000,white,15,2200,Manual 4WD,Mahindra,10
443,3850000,2017,Diesel,5600,blue,15,2200,Manual 4WD,Mahindra,8
444,3285000,2017,Petrol,49000,silver,10,1600,Manual 2WD,Hyundai,8
445,1675900,2012,Petrol,55000,grey,18,1197,Manual 2WD,Maruti Suzuki,13
446,1500000,2011,Petrol,55000,silver,12,1600,Manual 2WD,Volkswagen,14
447,1290000,2007,Petrol,75000,brown,13,1350,Manual 4WD,Honda,18
448,575000,2003,Petrol,19000,others,14,1498,Manual 2WD,Other Brands,22
449,1050000,2009,Petrol,83000,silver,14,1100,Manual 2WD,Kia,16
450,4100000,2017,Petrol,41000,white,12,1500,Manual 2WD,Hyundai,8
451,1250000,2015,Petrol,50000,grey,15,1200,Auto 2WD,Ford,10
452,2500000,2018,Petrol,50000,others,14,1500,Manual 2WD,Renault,7
453,950000,2021,Diesel,123,blue,20,600,Auto 2WD,Tata,4
454,900000,2008,Petrol,53000,silver,14,1100,Manual 2WD,Kia,17
455,1250000,2013,Petrol,43000,silver,14,1200,Manual 2WD,Ford,12
456,2575000,2019,Petrol,20000,grey,14,1197,Manual 2WD,Hyundai,6
457,3850000,2016,Diesel,53000,orange,14,2200,Manual 4WD,Mahindra,9
458,1500000,2020,Petrol,49000,others,14,1200,Auto 2WD,Maruti Suzuki,5
459,2550000,2019,Petrol,17000,silver,16,1196,Manual 2WD,Hyundai,6
460,4500000,2017,Diesel,49000,others,14,1200,Manual 4WD,Other Brands,8
461,700000,2010,Petrol,84000,black,15,1300,Manual 2WD,Tata,15
462,1050000,2013,Diesel,60000,yellow,10,3200,Auto 2WD,Other Brands,12
463,650000,2015,Diesel,150,white,12,1400,Power Steering,Tata,10
464,1275000,2005,Petrol,36000,grey,14,1600,Manual 2WD,Mazda,20
465,500000,1975,Petrol,50000,others,14,1200,Manual 4WD,Toyota,50
466,1950000,2006,Petrol,75000,silver,14,2000,Manual 4WD,Maruti Suzuki,19
467,700000,2018,Petrol,63000,white,15,796,Auto 4WD,Maruti Suzuki,7
468,899999,2005,Petrol,70000,silver,14,1200,Manual 2WD,Maruti Suzuki,20
469,4850000,2019,Petrol,41000,white,14,1598,Manual 2WD,Hyundai,6
470,2250000,2017,Petrol,35680,others,15,1200,Manual 2WD,Maruti Suzuki,8
471,950000,2004,Petrol,61000,blue,10,1600,Manual 2WD,Mazda,21
472,200000,1999,Petrol,20000,white,16,800,Manual 2WD,Maruti Suzuki,26
473,3975000,2021,Petrol,18500,white,15,1500,Manual 2WD,Maruti Suzuki,4
474,2475000,2016,Petrol,37000,others,12,1200,Manual 2WD,Honda,9
475,1250000,2009,Petrol,78000,silver,13,1096,Manual 2WD,Hyundai,16
476,1200000,2016,Diesel,127130,white,14,2523,Manual 2WD,Mahindra,9
477,500000,2007,Diesel,53000,white,18,1400,Auto 2WD,Tata,18
478,3500000,2010,Diesel,100000,silver,15,2500,Manual 4WD,Toyota,15
479,1490000,2011,Petrol,38000,white,14,1600,Auto 4WD,Volkswagen,14
480,1600000,2012,Petrol,33000,grey,14,1100,Manual 2WD,Hyundai,13
481,2650000,2016,Petrol,40000,white,14,1200,Manual 2WD,Hyundai,9
482,2950000,2015,Petrol,53000,silver,12,1200,Auto 2WD,Hyundai,10
483,5700000,2016,Diesel,49000,grey,14,1200,Manual 4WD,Kia,9
484,1750000,2021,Petrol,5000,white,14,1000,Manual 2WD,Datsun,4
485,1200000,2005,Petrol,42000,red,12,1000,Auto 2WD,Hyundai,20
486,280000,2019,Petrol,125000,white,17,800,Manual 2WD,Maruti Suzuki,6
487,2575000,2017,Diesel,88000,silver,12,2200,Manual 4WD,Mahindra,8
488,1750000,2014,Petrol,49000,others,14,1200,Manual 2WD,Toyota,11
489,880000,2008,Petrol,70000,red,14,1086,Power Steering,Kia,17
490,1875000,2008,Diesel,66000,others,17,2000,Manual 4WD,Hyundai,17
491,1850000,2007,Diesel,560000,others,15,2000,Manual 4WD,Hyundai,18
492,1875000,2015,Petrol,48000,grey,16,1200,Manual 2WD,Maruti Suzuki,10
493,2099000,2014,Petrol,55000,brown,12,1500,Manual 2WD,Honda,11
494,900000,2012,Petrol,40000,silver,14,814,Manual 2WD,Hyundai,13
495,2700000,2017,Petrol,49000,white,14,1200,Auto 2WD,Hyundai,8
496,3800000,2019,Diesel,50000,white,40,5883,Manual 4WD,Tata,6
497,450000,2002,Petrol,27000,blue,17,993,Manual 2WD,Maruti Suzuki,23
498,3200000,2018,Diesel,43000,white,14,1400,Manual 2WD,Maruti Suzuki,7
499,2300000,2016,Petrol,30000,others,15,1248,Manual 2WD,Maruti Suzuki,9
500,3600000,2021,Petrol,16000,white,20,1200,Manual 2WD,Hyundai,4
501,211000,2015,Petrol,49000,others,14,1200,Auto 4WD,Maruti Suzuki,10
502,3400000,2017,Diesel,45000,grey,12,1500,Auto 4WD,Renault,8
503,415000,2012,Petrol,32564,blue,17,624,Auto 4WD,Tata,13
504,11000000,2016,Diesel,62000,white,12,3200,Auto 4WD,Ford,9
505,2650000,2020,Petrol,11000,silver,19,1200,Manual 2WD,Maruti Suzuki,5
506,1700000,2014,Petrol,39000,red,14,1200,Manual 2WD,Hyundai,11
507,1325000,2016,Petrol,39000,brown,12,1200,Manual 2WD,Datsun,9
508,3200000,2018,Diesel,66000,red,14,1200,Power Steering,Maruti Suzuki,7
509,3450000,2016,Petrol,41000,white,12,1600,Manual 2WD,Hyundai,9
510,3200000,2019,Petrol,39000,white,15,1400,Manual 2WD,Hyundai,6
511,3600000,2021,Petrol,36000,green,14,1200,Auto 2WD,Tata,4
512,2400000,2017,Petrol,49000,others,14,1200,Manual 2WD,Maruti Suzuki,8
513,2050000,2007,Diesel,79000,white,8,2500,Manual 4WD,Mitsubishi,18
514,2100000,2009,Diesel,65000,silver,12,1191,Manual 4WD,Hyundai,16
515,2515000,2009,Diesel,71000,grey,10,2000,Manual 4WD,Kia,16
516,2250000,2016,Petrol,35000,brown,14,1198,Auto 2WD,Mahindra,9
517,1000000,2011,Petrol,80000,red,14,1200,Manual 2WD,Ford,14
518,3650000,2011,Diesel,87000,orange,12,1995,Manual 4WD,Hyundai,14
519,23500000,2017,Diesel,85000,silver,14,4461,Auto 4WD,Toyota,8
520,8800000,2020,Diesel,17000,grey,14,3200,Auto 4WD,Ford,5
521,8700000,2017,Petrol,50000,grey,14,1984,Auto 4WD,Volkswagen,8
522,3490000,2010,Petrol,84000,red,14,2400,Auto 4WD,Toyota,15
523,6500000,2013,Petrol,49000,grey,14,2500,Manual 4WD,Toyota,12
524,750000,2015,Diesel,9,others,14,2600,Manual 2WD,Mahindra,10
525,2150000,2015,Petrol,40014,silver,14,1197,Manual 4WD,Maruti Suzuki,10
526,1599999,2011,Petrol,52000,others,13,1200,Manual 2WD,Hyundai,14
527,2500000,2021,Petrol,18000,blue,15,1000,Power Steering,Renault,4
528,1500000,2010,Petrol,58000,silver,14,1200,Manual 2WD,Hyundai,15
529,2975000,2018,Diesel,30000,silver,13,2500,Manual 2WD,Other Brands,7
530,1225000,2013,Petrol,4000,silver,13,1200,Manual 2WD,Ford,12
531,3300000,2015,Petrol,12000,silver,14,2494,Auto 4WD,Toyota,10
532,3600000,2010,Diesel,49000,white,14,2755,Manual 4WD,Toyota,15
533,1700000,2012,Petrol,63000,silver,13,1200,Manual 2WD,Maruti Suzuki,13
534,1500000,2022,Electric,3000,red,120,15,Power Steering,Other Brands,3
535,500000,2016,Diesel,60000,blue,5,10000,Manual 4WD,Tata,9
536,1875000,2007,Diesel,68000,red,13,2000,Manual 4WD,Kia,18
537,8000000,2012,Diesel,49000,red,14,2199,Auto 4WD,Hyundai,13
538,550000,2007,Petrol,77000,white,14,1200,Power Steering,Tata,18
539,2150000,2016,Petrol,57186,grey,14,1200,Power Steering,Maruti Suzuki,9
540,1500000,2016,Diesel,49000,black,14,2800,Manual 2WD,Tata,9
541,1750000,2006,Diesel,160000,blue,12,1992,Auto 4WD,Hyundai,19
542,1400000,2011,Petrol,97000,silver,14,1086,Manual 2WD,Hyundai,14
543,835000,2010,Petrol,70100,grey,11,1400,Manual 2WD,Chevrolet,15
544,2250000,2018,Petrol,27000,red,14,1200,Manual 2WD,Hyundai,7
545,1250000,2012,Petrol,68000,silver,14,1200,Manual 2WD,Skoda,13
546,2100000,2015,Petrol,49000,silver,14,1600,Manual 2WD,Volkswagen,10
547,1250000,2014,Diesel,49000,others,14,2956,Power Steering,Tata,11
548,2400000,2016,Diesel,49000,others,14,2200,Manual 4WD,Mahindra,9
549,2695000,2007,Diesel,80000,white,10,2500,Manual 4WD,Toyota,18
550,2695000,2007,Diesel,80000,white,10,2500,Manual 4WD,Toyota,18
551,930000,2007,Petrol,78000,silver,15,1300,Manual 2WD,Daihatsu,18
552,3700000,2021,Petrol,5000,silver,20,1200,Auto 4WD,Tata,4
553,4500000,2023,Electric,49000,white,14,1200,Auto 2WD,Tata,2
554,1400000,2015,Diesel,80000,silver,14,1200,Auto 2WD,Tata,10
555,1690000,2017,Petrol,31000,red,17,999,Manual 2WD,Maruti Suzuki,8
556,5550000,2021,Electric,10000,grey,14,1200,Auto 2WD,Hyundai,4
557,990000,2001,Diesel,143000,brown,13,2200,Manual 4WD,Kia,24
558,1735000,2013,Petrol,44000,brown,14,1197,Manual 2WD,Hyundai,12
559,2450000,2013,Petrol,35000,white,14,1200,Auto 2WD,Volkswagen,12
560,1700000,2018,Petrol,41000,silver,12,1200,Manual 2WD,Other Brands,7
561,3800000,2008,Petrol,91000,white,14,2362,Auto 4WD,Toyota,17
562,2350000,2021,Petrol,14000,gold,16,999,Auto 2WD,Renault,4
563,2225000,2016,Petrol,33000,silver,15,1197,Manual 2WD,Hyundai,9
564,1100000,2008,Petrol,88000,grey,14,1000,Power Steering,Hyundai,17
565,1750000,2014,Petrol,49000,others,14,1200,Manual 2WD,Toyota,11
566,12800000,2016,Diesel,49000,others,14,3200,Auto 4WD,Mitsubishi,9
567,7599000,2023,Hybrid,315,silver,29,1490,Manual 4WD,Maruti Suzuki,2
568,3585000,2015,Petrol,57000,others,14,1591,Manual 4WD,Hyundai,10
569,7800000,2018,Diesel,40000,silver,14,2755,Manual 4WD,Toyota,7
570,7800000,2018,Diesel,40000,silver,14,2755,Manual 4WD,Toyota,7
571,1000000,2010,Diesel,82000,yellow,8,1900,Manual 2WD,Tata,15
572,7800000,2018,Diesel,40000,silver,14,2755,Manual 4WD,Toyota,7
573,3590000,2015,Petrol,57000,silver,14,1591,Auto 2WD,Hyundai,10
574,3585000,2015,Petrol,57000,silver,14,1591,Manual 2WD,Hyundai,10
575,1350000,2007,Petrol,33000,silver,14,814,Manual 2WD,Hyundai,18
576,2785000,2021,Petrol,7000,silver,14,999,Auto 2WD,Renault,4
577,3200000,2021,Petrol,11000,red,14,1200,Manual 2WD,Kia,4
578,3650000,2016,Petrol,39243,silver,12,1600,Manual 2WD,Hyundai,9
579,5456000,2023,Petrol,49000,others,14,1200,Manual 2WD,Hyundai,2
580,1700000,2013,Diesel,49000,others,14,1200,Auto 4WD,Chevrolet,12
581,1875000,2014,Petrol,42000,grey,14,1197,Manual 4WD,Hyundai,11
582,2450000,2016,Petrol,49000,orange,14,1600,Manual 2WD,Volkswagen,9
583,3650000,2021,Petrol,17000,white,14,1200,Manual 2WD,Tata,4
584,925000,2008,Petrol,67000,blue,14,1400,Manual 2WD,Hyundai,17
585,1100000,2005,Petrol,100500,silver,14,1600,Power Steering,Nissan,20
586,1650000,2014,Diesel,125000,red,14,2956,Auto 2WD,Tata,11
587,3050000,2018,Diesel,49000,others,14,2499,Manual 2WD,Other Brands,7
588,950000,2003,Petrol,140000,grey,14,1300,Power Steering,Toyota,22
589,1775000,2013,Diesel,54500,white,14,1200,Manual 2WD,Ford,12
590,1185000,2006,Diesel,49000,black,16,2523,Auto 2WD,Mahindra,19
591,2500000,2016,Diesel,49000,grey,16,1200,Manual 2WD,Maruti Suzuki,9
592,1800000,2018,Diesel,49000,silver,12,1900,Manual 2WD,Tata,7
593,1390000,2006,Petrol,55000,silver,14,1200,Manual 2WD,Maruti Suzuki,19
594,1450000,2020,Diesel,28000,blue,12,1396,Manual 2WD,Tata,5
595,1725000,2007,Petrol,47000,black,14,1600,Manual 2WD,Toyota,18
596,2400000,2020,Petrol,49000,red,14,1200,Auto 2WD,Tata,5
597,1800000,2017,Diesel,79000,blue,14,1200,Auto 2WD,Tata,8
598,820000,2006,Petrol,65000,orange,17,1400,Manual 2WD,Kia,19
599,750000,2013,Diesel,49000,white,14,2523,Auto 2WD,Mahindra,12
600,2650000,2015,Petrol,49000,others,14,1200,Manual 2WD,Hyundai,10
601,3800000,2015,Diesel,49000,white,14,2800,Manual 2WD,Toyota,10
602,765000,2008,Petrol,36000,silver,14,850,Manual 2WD,Perodua,17
603,875000,1992,Petrol,100000,white,14,1600,Manual 4WD,Maruti Suzuki,33
604,1400000,2018,Diesel,34000,white,14,1200,Power Steering,Mahindra,7
605,1250000,2010,Petrol,48000,silver,16,1200,Manual 2WD,Hyundai,15
606,5500000,2009,Diesel,55000,silver,14,1200,Auto 4WD,Kia,16
607,3390000,2017,Petrol,41000,others,14,1598,Manual 2WD,Hyundai,8
608,550000,2016,Petrol,49000,others,14,800,Manual 4WD,Maruti Suzuki,9
609,10700000,2018,Petrol,8300,white,14,1500,Auto 4WD,Honda,7
610,550000,2006,Petrol,81155,silver,15,800,Manual 2WD,Maruti Suzuki,19
611,835000,2008,Petrol,55000,brown,16,1087,Manual 2WD,Maruti Suzuki,17
612,1500000,1999,Petrol,49000,red,10,1300,Power Steering,Daihatsu,26
613,995000,2010,Petrol,48000,black,14,1300,Manual 2WD,Jeep,15
614,1650000,2011,Petrol,47000,black,13,1600,Manual 2WD,Volkswagen,14
615,1399999,2010,Petrol,61000,white,16,1200,Auto 2WD,Maruti Suzuki,15
616,3000000,2021,Petrol,21000,white,14,1000,Manual 2WD,Skoda,4
617,1700000,2014,Petrol,41848,brown,16,1049,Manual 2WD,Hyundai,11
618,1099000,2010,Petrol,750000,silver,14,1200,Manual 2WD,Maruti Suzuki,15
619,1625000,2013,Diesel,73000,silver,22,1200,Manual 2WD,Skoda,12
620,1980000,2019,Petrol,20000,coffee,15,1200,Manual 2WD,Tata,6
621,4850000,2018,Petrol,52000,silver,13,2000,Manual 2WD,Kia,7
622,1500000,2013,Diesel,96000,grey,18,1500,Manual 2WD,Ford,12
623,890000,2009,Diesel,49000,white,14,2523,Manual 2WD,Mahindra,16
624,2150000,2015,Petrol,70000,white,14,1500,Manual 2WD,Ford,10
625,925000,2017,Diesel,40000,others,10,1200,Power Steering,Tata,8
626,1475000,2010,Petrol,61000,grey,14,1200,Manual 2WD,Hyundai,15
627,920000,2009,Petrol,72000,others,14,1350,Manual 2WD,Hyundai,16
628,1225000,2012,Petrol,48000,grey,12,1200,Manual 2WD,Maruti Suzuki,13
629,1399999,2008,Petrol,66000,blue,13,1300,Manual 2WD,Maruti Suzuki,17
630,2400000,2020,Petrol,26500,silver,14,1200,Manual 2WD,Hyundai,5
631,1175000,2013,Diesel,93000,gold,14,2956,Power Steering,Tata,12
632,1190000,2009,Petrol,60000,silver,14,1200,Manual 2WD,Maruti Suzuki,16
633,1975000,2016,Diesel,60000,white,18,1400,Manual 2WD,Skoda,9
634,6500000,2013,Petrol,55000,grey,14,2500,Manual 2WD,Toyota,12
635,650000,2003,Petrol,49000,others,14,1200,Manual 2WD,Hyundai,22
636,1800000,2006,Petrol,8500,silver,11,1300,Auto 2WD,Toyota,19
637,2495000,2018,Petrol,28800,white,14,1200,Auto 2WD,Ford,7
638,1050000,2011,Petrol,76000,red,12,1500,Manual 2WD,Other Brands,14
639,1350000,2016,Petrol,56000,white,16,800,Manual 2WD,Maruti Suzuki,9
640,4200000,2020,Diesel,49000,white,14,1200,Manual 4WD,Mahindra,5
641,3025000,2017,Diesel,50000,white,17,1250,Manual 2WD,Maruti Suzuki,8
642,2000000,2014,Petrol,49000,silver,14,1500,Manual 2WD,Maruti Suzuki,11
643,3600000,2017,Diesel,49000,blue,14,1200,Manual 4WD,Mahindra,8
644,1800000,2018,Diesel,23000,blue,14,2609,Auto 2WD,Mahindra,7
645,2350000,2018,Petrol,35500,grey,14,1500,Power Steering,Ford,7
646,1250000,2008,Petrol,66235,grey,14,1300,Manual 2WD,Maruti Suzuki,17
647,2775000,2021,Petrol,12000,silver,14,1200,Manual 2WD,Hyundai,4
648,3350000,2018,Diesel,32000,blue,18,1300,Manual 2WD,Maruti Suzuki,7
649,2225000,2017,Petrol,33256,red,14,1200,Manual 2WD,Hyundai,8
650,2075000,2014,Petrol,42136,silver,14,1200,Manual 2WD,Maruti Suzuki,11
651,2550000,2017,Petrol,39523,silver,14,1200,Manual 2WD,Maruti Suzuki,8
652,1850000,2020,Petrol,23000,silver,14,1200,Manual 2WD,Maruti Suzuki,5
653,2350000,2018,Petrol,17000,silver,14,1200,Manual 2WD,Hyundai,7
654,2190000,2019,Petrol,17300,others,18,1200,Manual 2WD,Maruti Suzuki,6
655,1399000,2018,Petrol,42000,silver,14,800,Power Steering,Maruti Suzuki,7
656,1625000,2002,Diesel,150000,green,10,3000,Manual 4WD,Toyota,23
657,1405000,2013,Petrol,46160,white,21,998,Manual 2WD,Maruti Suzuki,12
658,1950000,2012,Petrol,71000,blue,13,1600,Manual 2WD,Hyundai,13
659,2500000,2015,Petrol,45000,silver,18,1400,Manual 2WD,Maruti Suzuki,10
660,3250000,2020,Petrol,35000,others,14,1200,Manual 2WD,Tata,5
661,1245000,1998,Petrol,49000,white,14,1997,Auto 4WD,Toyota,27
662,750000,2009,Diesel,49000,others,14,1200,Manual 2WD,Tata,16
663,1850000,2016,Petrol,39000,others,14,1200,Manual 2WD,Tata,9
664,770000,2009,Petrol,75000,silver,12,1300,Auto 2WD,Perodua,16
665,1975000,2018,Electric,49000,silver,14,1200,Auto 2WD,Mahindra,7
666,1200000,2005,Diesel,49000,white,14,1200,Manual 4WD,Nissan,20
667,4450000,2015,Petrol,43000,grey,14,1500,Manual 4WD,Daihatsu,10
668,1550000,2014,Petrol,48,grey,20,1000,Manual 2WD,Maruti Suzuki,11
669,1300000,2018,Diesel,46000,white,14,1200,Auto 2WD,Tata,7
670,2375000,2016,Petrol,38000,silver,14,1200,Manual 2WD,Maruti Suzuki,9
671,2375000,2016,Petrol,52000,silver,14,1200,Manual 2WD,Hyundai,9
672,1750000,2007,Petrol,47000,others,14,1600,Manual 2WD,Toyota,18
673,505000,2015,Petrol,52500,white,15,800,Manual 2WD,Maruti Suzuki,10
674,1800000,2014,Petrol,47000,green,14,1000,Auto 2WD,Maruti Suzuki,11
675,1650000,2017,Petrol,43000,red,14,1200,Manual 2WD,Ford,8
676,2150000,2013,Petrol,53000,silver,14,1300,Manual 2WD,Toyota,12
677,1950000,2017,Diesel,38000,white,14,2523,Manual 4WD,Mahindra,8
678,1550000,2010,Petrol,73747,brown,12,1200,Manual 2WD,Hyundai,15
679,1450000,2016,Petrol,54590,silver,14,1200,Manual 2WD,Maruti Suzuki,9
680,1950000,2014,Petrol,63000,grey,15,1200,Manual 2WD,Hyundai,11
681,1150000,2009,Petrol,60000,white,14,1086,Power Steering,Hyundai,16
682,999999,2011,Petrol,53000,black,13,1199,Manual 2WD,Ford,14
683,4100000,2021,Petrol,24500,red,14,1500,Manual 2WD,Maruti Suzuki,4
684,2399999,2020,Diesel,49000,white,14,1200,Manual 4WD,Mahindra,5
685,1575000,2007,Petrol,60000,grey,10,1600,Manual 2WD,Honda,18
686,1000000,2012,Petrol,47000,blue,17,814,Manual 2WD,Hyundai,13
687,1450000,2010,Petrol,49000,others,14,1200,Manual 2WD,Maruti Suzuki,15
688,2550000,2007,Petrol,53000,others,14,1500,Manual 4WD,Daihatsu,18
689,450000,2013,Diesel,16057,white,15,901,Power Steering,Mahindra,12
690,5000000,2008,Diesel,49000,black,14,2362,Manual 4WD,Toyota,17
691,1325000,2015,Petrol,49000,grey,14,1200,Power Steering,Datsun,10
692,2000000,2014,Petrol,62000,grey,25,1200,Manual 2WD,Hyundai,11
693,1525000,2018,Petrol,63000,white,14,1200,Manual 2WD,Maruti Suzuki,7
694,680000,2008,Petrol,72000,gold,10,1200,Power Steering,Chevrolet,17
695,4450000,2019,Petrol,37000,grey,12,1598,Manual 2WD,Hyundai,6
696,600000,2006,Petrol,49000,others,18,800,Manual 2WD,Maruti Suzuki,19
697,9000000,2021,Petrol,30000,white,10,2000,Auto 2WD,Kia,4
698,1170000,2009,Petrol,49000,red,14,1100,Manual 2WD,Hyundai,16
699,900000,2015,Petrol,63,white,14,1200,Manual 2WD,Tata,10
700,1400000,2010,Petrol,57200,silver,12,2200,Manual 2WD,Tata,15
701,250000,2003,Diesel,49000,blue,14,1200,Manual 2WD,Tata,22
702,1150000,2008,Petrol,11111,blue,20,1200,Manual 2WD,Hyundai,17
703,630000,2000,Petrol,4950,silver,18,800,Auto 2WD,Maruti Suzuki,25
704,5775000,2010,Petrol,105000,black,10,3000,Manual 2WD,Toyota,15
705,390000,2012,Petrol,35000,white,23,624,Manual 2WD,Tata,13
706,875000,2009,Petrol,52000,white,14,1300,Manual 2WD,Jeep,16
707,3675000,2017,Diesel,65000,blue,14,2200,Manual 4WD,Mahindra,8
708,1600000,2009,Petrol,76000,red,10,1900,Auto 2WD,Kia,16
709,1025000,2010,Petrol,55000,black,13,1300,Manual 2WD,Other Brands,15
710,3550000,2021,Diesel,49000,others,14,2500,Manual 2WD,Other Brands,4
711,1000000,2002,Diesel,38000,silver,14,909,Manual 2WD,Mahindra,23
712,1850000,2015,Diesel,105000,white,8,4000,Manual 2WD,Tata,10
713,2200000,2015,Petrol,44500,white,17,1387,Manual 2WD,Maruti Suzuki,10
714,5500000,2018,Petrol,30000,silver,15,1600,Manual 2WD,Hyundai,7
715,4800000,2021,Petrol,7700,black,14,1200,Manual 2WD,Other Brands,4
716,2500000,2016,Petrol,45000,brown,14,1500,Manual 2WD,Ford,9
717,715000,2009,Petrol,80000,others,14,800,Manual 4WD,Maruti Suzuki,16
718,2320000,2015,Petrol,30100,silver,14,1490,Manual 2WD,Honda,10
719,900000,2009,Petrol,85000,gold,14,1000,Auto 2WD,Chevrolet,16
720,975000,2005,Petrol,82000,blue,14,1100,Auto 2WD,Hyundai,20
721,9700000,2015,Diesel,45000,white,12,3000,Manual 4WD,Toyota,10
722,875000,2004,Petrol,49000,grey,14,1068,Manual 2WD,Hyundai,21
723,1450000,2009,Petrol,80000,others,15,1200,Auto 2WD,Hyundai,16
724,5700000,2021,Petrol,14000,red,12,1500,Manual 2WD,Hyundai,4
725,1075000,2011,Petrol,60000,black,14,1200,Manual 2WD,Ford,14
726,775000,2010,Petrol,49000,others,14,1200,Manual 2WD,Maruti Suzuki,15
727,2450000,2018,Petrol,27969,brown,14,998,Manual 2WD,Volkswagen,7
728,1250000,2009,Petrol,49000,others,14,1200,Manual 2WD,Maruti Suzuki,16
729,540000,2004,Petrol,60000,black,14,1400,Auto 2WD,Kia,21
730,2025000,2014,Petrol,47582,grey,14,1197,Manual 2WD,Maruti Suzuki,11
731,1150000,2016,Petrol,46230,others,14,2500,Manual 4WD,Mahindra,9
732,600000,2004,Petrol,63586,silver,14,800,Manual 2WD,Maruti Suzuki,21
733,1725000,2014,Petrol,52490,silver,14,1086,Manual 2WD,Hyundai,11
734,590000,2002,Petrol,62570,others,14,1061,Manual 2WD,Hyundai,23
735,3062500,2019,Petrol,40000,red,12,1200,Manual 2WD,Hyundai,6
736,1897000,2014,Petrol,74000,silver,15,1197,Manual 2WD,Maruti Suzuki,11
737,5100000,2019,Petrol,20000,silver,14,1600,Manual 2WD,Hyundai,6
738,2475000,2016,Diesel,75000,silver,17,1500,Manual 2WD,Renault,9
739,1700000,2014,Petrol,65300,white,14,1200,Auto 2WD,Maruti Suzuki,11
740,1700000,2013,Petrol,50000,silver,13,1200,Manual 2WD,Hyundai,12
741,350000,2011,Petrol,71000,blue,27,624,Manual 4WD,Tata,14
742,8950000,2021,Hybrid,1000,silver,27,1586,Auto 4WD,Maruti Suzuki,4
743,1800000,2014,Petrol,47000,others,15,998,Auto 2WD,Maruti Suzuki,11
744,1200000,2009,Diesel,49000,others,14,1200,Power Steering,Tata,16
746,2725000,2019,Petrol,49000,others,14,1200,Manual 2WD,Maruti Suzuki,6
747,1850000,2018,Petrol,65000,grey,17,1000,Manual 2WD,Maruti Suzuki,7
748,1750000,2013,Petrol,45,others,13,1500,Manual 2WD,Hyundai,12
749,1200000,2017,Diesel,100000,brown,14,2523,Manual 2WD,Mahindra,8
750,1575000,2018,Petrol,46333,grey,14,800,Manual 2WD,Maruti Suzuki,7
751,350000,2004,Petrol,90819,black,10,1600,Auto 2WD,Other Brands,21
752,3075000,2018,Petrol,32000,silver,15,1197,Manual 2WD,Hyundai,7
753,11500000,2007,Petrol,73000,silver,14,1100,Manual 2WD,Hyundai,18
754,2150000,2014,Petrol,42000,red,14,1600,Manual 2WD,Volkswagen,11
755,18500000,2015,Petrol,45000,blue,14,1200,Manual 2WD,Honda,10
756,775000,2003,Petrol,102500,silver,15,1500,Manual 2WD,Hyundai,22
757,1650000,2013,Diesel,49000,silver,14,1200,Manual 2WD,Skoda,12
758,4000000,2019,Petrol,20000,others,14,1600,Manual 2WD,Hyundai,6
759,1575000,2007,Petrol,65000,blue,14,1497,Manual 2WD,Toyota,18
760,1999999,2009,Diesel,70000,silver,12,1990,Auto 4WD,Hyundai,16
761,870000,2009,Petrol,57000,brown,16,800,Manual 2WD,Maruti Suzuki,16
762,2462500,2018,Petrol,44000,silver,12,1200,Manual 2WD,Maruti Suzuki,7
763,3750000,2017,Petrol,65000,white,21,1,Auto 4WD,Hyundai,8
764,1585000,2014,Petrol,26000,red,14,1200,Manual 2WD,Maruti Suzuki,11
765,1450000,2015,Petrol,36000,blue,14,1200,Manual 2WD,Nissan,10
766,2400000,2017,Petrol,26000,grey,16,1197,Manual 2WD,Maruti Suzuki,8
767,3075000,2018,Petrol,37000,brown,14,1200,Manual 2WD,Hyundai,7
768,3750000,2018,Petrol,5000,silver,14,1200,Manual 2WD,Nissan,7
769,950000,2008,Petrol,81000,blue,14,1400,Manual 2WD,Hyundai,17
770,1600000,2011,Petrol,50000,silver,18,1200,Manual 2WD,Maruti Suzuki,14
771,1435000,2010,Petrol,55700,others,18,1200,Manual 2WD,Hyundai,15
772,3050000,2016,Diesel,55000,others,17,1250,Manual 2WD,Maruti Suzuki,9
773,850000,2004,Petrol,55,blue,15,1200,Manual 2WD,Hyundai,21
774,3990000,2017,Electric,42000,white,9,1200,Auto 2WD,Kia,8
775,950000,2005,Petrol,45,red,15,1200,Manual 2WD,Hyundai,20
776,2950000,2021,Petrol,19000,silver,17,1197,Manual 2WD,Hyundai,4
777,2650000,2016,Petrol,38000,silver,15,1,Manual 2WD,Hyundai,9
778,600000,2008,Diesel,49000,blue,14,2600,Manual 2WD,Mahindra,17
779,1025000,2012,Petrol,43000,silver,14,1200,Manual 2WD,Chevrolet,13
780,800000,2012,Diesel,70000,white,15,1399,Auto 2WD,Tata,13
781,5600000,2021,Petrol,19000,white,14,1500,Manual 2WD,Hyundai,4
782,4260000,2023,Petrol,3000,silver,20,1000,Manual 2WD,Nissan,2
783,1275000,2013,Petrol,21000,red,14,1196,Manual 2WD,Ford,12
784,1000000,2014,Petrol,149000,silver,23,796,Manual 2WD,Maruti Suzuki,11
785,1600000,2018,Diesel,49000,others,14,3000,Manual 2WD,Tata,7
786,3050000,2011,Petrol,58010,white,14,1998,Manual 4WD,Kia,14
787,1250000,2009,Petrol,65000,brown,12,1098,Manual 2WD,Hyundai,16
788,2075000,2009,Petrol,49000,others,14,1200,Auto 2WD,Hyundai,16
789,1850000,2017,Petrol,43000,white,14,1500,Manual 2WD,Ford,8
790,1900000,2017,Diesel,100000,others,14,1200,Power Steering,Tata,8
791,1575000,2018,Diesel,29594,white,14,2523,Manual 2WD,Mahindra,7
792,1350000,2018,Petrol,42000,silver,17,1000,Manual 2WD,Datsun,7
793,2037500,2017,Petrol,55000,grey,12,1200,Manual 2WD,Hyundai,8
794,2362500,2021,Petrol,13000,grey,14,1200,Manual 2WD,Maruti Suzuki,4
795,3375000,2016,Petrol,42097,white,14,1591,Manual 2WD,Hyundai,9
796,3500000,2019,Diesel,50000,silver,14,1200,Auto 4WD,Mahindra,6
797,875000,2008,Petrol,70000,white,18,1000,Manual 2WD,Perodua,17
798,1950000,2017,Petrol,41461,grey,18,998,Power Steering,Maruti Suzuki,8
799,1000000,2001,Diesel,80000,black,8,2000,Auto 2WD,Kia,24
800,400000,2001,Diesel,80000,black,8,2000,Auto 2WD,Kia,24
801,2700000,2017,Petrol,51000,silver,17,1200,Manual 2WD,Maruti Suzuki,8
802,2612500,2018,Petrol,35000,grey,12,1200,Manual 2WD,Maruti Suzuki,7
803,6000000,2019,Diesel,49000,white,14,2500,Manual 4WD,Nissan,6
804,2250000,2017,Petrol,32000,others,14,1200,Manual 2WD,Maruti Suzuki,8
805,1780000,2007,Petrol,80700,silver,14,1497,Auto 2WD,Toyota,18
806,1990000,2013,Petrol,71500,others,14,1197,Auto 2WD,Maruti Suzuki,12
807,3790000,2023,Petrol,49000,white,14,1200,Manual 4WD,Kia,2
808,2700000,2019,Petrol,27000,silver,14,1197,Manual 2WD,Maruti Suzuki,6
809,1075000,2007,Petrol,57000,black,14,1086,Auto 2WD,Hyundai,18
810,550000,2013,Diesel,49000,white,14,1400,Manual 2WD,Tata,12
811,1300000,2008,Petrol,1350000,gold,10,1599,Manual 2WD,Honda,17
812,1550000,2017,Petrol,15000,silver,15000,999,Auto 2WD,Renault,8
813,1640000,2010,Petrol,65000,silver,14,1200,Auto 2WD,Hyundai,15
814,8900000,2020,Diesel,35000,white,14,1956,Manual 4WD,Jeep,5
815,1499999,2017,Petrol,32000,others,15,1000,Manual 2WD,Renault,8
816,1450000,2012,Diesel,81000,red,14,900,Manual 2WD,Mahindra,13
817,4200000,2018,Diesel,58000,silver,12,2179,Manual 4WD,Mahindra,7
818,625000,2005,Petrol,6278,black,14,1468,Manual 4WD,Other Brands,20
819,2200000,2013,Diesel,49000,grey,14,1498,Manual 2WD,Ford,12
820,2200000,2012,Diesel,180000,white,14,2179,Manual 2WD,Mahindra,13
821,2750000,2022,Petrol,10000,red,14,999,Manual 2WD,Nissan,3
822,1099999,2021,Diesel,8000,blue,23,1200,Auto 2WD,Tata,4
823,2300000,2020,Hybrid,49000,others,14,1200,Auto 4WD,Toyota,5
824,1500000,2010,Petrol,49000,white,14,800,Auto 2WD,Maruti Suzuki,15
825,150000,1993,Diesel,100000,white,16,1900,Manual 2WD,Toyota,32
826,850000,2012,Diesel,60000,white,16,15,Manual 2WD,Tata,13
827,240000,1999,Petrol,49000,others,14,1200,Manual 2WD,Maruti Suzuki,26
828,1400000,2016,Petrol,42000,brown,19,800,Manual 2WD,Hyundai,9
829,4075000,2021,Petrol,12000,silver,16,1500,Manual 2WD,Maruti Suzuki,4
830,650000,2017,Diesel,70000,grey,20,800,Auto 2WD,Tata,8
831,2575000,2018,Petrol,32000,silver,14,1200,Manual 2WD,Hyundai,7
832,1850000,2014,Petrol,48000,grey,14,1200,Manual 2WD,Hyundai,11
833,740000,2018,Petrol,17000,white,14,800,Auto 2WD,Maruti Suzuki,7
834,3725000,2011,Diesel,36091,others,12,2000,Manual 4WD,Hyundai,14
835,600000,2008,Petrol,49000,silver,12,1200,Manual 2WD,Other Brands,17
836,5300000,2022,Petrol,7500,white,14,1200,Manual 4WD,Mahindra,3
837,3900000,2015,Diesel,49000,white,12,2800,Manual 2WD,Toyota,10
838,1450000,2017,Diesel,42000,grey,14,2500,Manual 4WD,Mahindra,8
839,1200000,2021,Petrol,16800,white,17,1200,Auto 2WD,Maruti Suzuki,4
840,1675000,2019,Diesel,56000,white,14,2500,Auto 4WD,Mahindra,6
841,1465000,2010,Petrol,60000,silver,20,1200,Manual 2WD,Hyundai,15
842,799999,2004,Petrol,108000,silver,14,1498,Manual 2WD,Honda,21
843,2450000,2020,Petrol,26500,silver,14,1200,Manual 2WD,Hyundai,5
844,1925000,2015,Petrol,60000,others,15,1200,Manual 2WD,Hyundai,10
845,1950000,2014,Petrol,60000,others,13,1200,Manual 2WD,Renault,11
846,1750000,2014,Petrol,93000,silver,14,1200,Manual 2WD,Hyundai,11
847,2450000,2007,Diesel,60000,white,13,2200,Auto 4WD,Nissan,18
