Name,Price,Transmission,Types,Fuel,Make Year,Mileage,Lot No,Colour,Kilometer Run,Engine (CC)
pleasure 44lot,"रू. 50,000",Manual,Scooty,Petrol,2012,,,,,
Honda shine 118 sale,"रू. 1,58,000",Automatic,Standard,Petrol,2020,40,118,Black,19000,125
220 pulser,"रू. 3,80,000",Automatic,Sport,Petrol,2025,,,Red and black,5000,220
pulsar 220 055lot,"रू. 3,75,000",Automatic,Standard,Petrol,2025,,,,,
Tvs Ntorque Racexp 151 Lot Sale Or Exchange,"रू. 2,75,000",Manual,Scooty,Petrol,2024,55,151,Red,7000,125
dominar 023lot,"रू. 3,10,000",Automatic,Standard,Petrol,2021,,,,,400
Scooter for sale,"रू. 1,35,000",Manual,Scooty,Petrol,2020,35+,125,Red,45k,125
super splinter 56 lot super fresh condition on,"रू. 88,000",Manual,Others,Petrol,2014,,,,,
Royal Enfield Bullet Hunter 350 (045)lot,"रू. 4,10,000",Manual,Sport,Petrol,2023,35,045,Blue and white,16000,350
Honda Aviator (72 lot),"रू. 1,04,000",Automatic,Scooty,Petrol,2015,,72,,,110
pulser150 035 lot,"रू. 1,90,000",Manual,Standard,Petrol,2022,,,,,
ns 200 123 lot on sale,"रू. 1,95,000",Automatic,Standard,Petrol,2021,38,123,Grey,22000,200
Apache 200 Lot 90,"रू. 1,26,000",Manual,Sport,Petrol,2019,,90,Red,60000,200
Honda Hornet 101 Lot Super Fresh Condition Onsell,"रू. 1,35,000",Manual,Sport,Petrol,2018,,,,,
Glamour Fi System Fully Brand New Lot-036,"रू. 1,57,000",Manual,Sport,Petrol,2022,,,,15000,
pulsar150 - 010 lot 2016 model ‼️,"रू. 90,000",Manual,Others,Petrol,2016,,,,,150
Italjet Buccaneer 250,"रू. 2,20,000",Manual,Standard,Petrol,2018,,98,Green,32000,250
Hero Duet scooter fresh on sale,"रू. 75,000",Manual,Standard,Petrol,2017,,,,,
0019 Lot ko Fzs V3 On sale n Exchange service,"रू. 1,99,000",Manual,Standard,Petrol,2020,40,0019,Navy,19000,150
Hero Xpulse 200 4v,"रू. 4,10,000",Automatic,Dirt,Petrol,2024,36,52,Blue,8500,200
Dirt Bike on sale (Runner Hawk 200cc),"रू. 1,80,000",Manual,Dirt,Petrol,2019,35+,106,Red and white,19000,200
aprilla 150 great condition genuine 16k running,"रू. 1,90,000",Manual,Scooty,Petrol,2022,37,135,white -red,16000,150
Honda Dio,"रू. 1,90,000",Automatic,Scooty,Petrol,2022,,039,,12300,
hero maestro 98lot,"रू. 75,000",Automatic,Standard,Petrol,2018,,,,,
bullet parts for sale,"रू. 10,000",Automatic,Others,Petrol,000,,,blacko,1212,350
Pulsar220 Like New 111 Lot,"रू. 1,80,000",Manual,Standard,Petrol,2019,40,111,,,220
Storm aprilla 010 lot on sale,"रू. 1,28,000",Manual,Scooty,Petrol,2019,35,010,yellow,,125
ntorq 125cc Fi 133 lot super fresh condition onsel,रू. 185,Manual,Scooty,Petrol,2021,,,,,
vespa 003lot,"रू. 1,20,000",Automatic,Standard,Petrol,2019,,,,,
"Ntorq 125 fi  
133 lot super fresh conditi
 om sel","रू. 1,89,000",Manual,Scooty,Petrol,2021,,,,,
128 lot Ns 200 urgent sell,"रू. 2,20,000",Manual,Standard,Petrol,2021,40,128,,25000,200
Super Splender Like Bew 135 Lot,"रू. 1,55,000",Manual,Standard,Petrol,2022,55,135,,,125
Suzuki slingg Shot 57-lot 9803656430,"रू. 42,000",Automatic,Standard,Petrol,2015,50+,,,,
xpulse 026lot,"रू. 2,30,000",Automatic,Standard,Petrol,2021,,,,,
Sale -call -9860161921,"रू. 1,99,999",Manual,Standard,Petrol,2020,,,Black blue,44k,220
Apache RTR 200 Fully Fresh Condition Lot-78,"रू. 1,10,000",Manual,Sport,Petrol,2016,,,,27000,200
Aprilla Sr150 Cc117 Lot Super Fresh Condition Sell,"रू. 1,46,999",Manual,Sport,Petrol,2020,,,,,
discover 65lot,"रू. 58,000",Manual,Standard,Petrol,2015,,,,,
220 Pulser 024 Lot,"रू. 2,20,000",Manual,Standard,Petrol,2021,,,,,
yamaha ray zr 125cc Street rally,"रू. 1,94,999",Automatic,Scooty,Petrol,2021,50,,green,22000,125
"Fz v3 125 lot super fresh bike , 9813296721","रू. 2,25,000",Manual,Standard,Petrol,2021,,,,,150
pleasure 44lot,"रू. 50,000",Automatic,Standard,Petrol,2011,,,,,
bike,"रू. 1,15,000",Automatic,Standard,Petrol,2018,40,99,black,37000,150
"Honda Unciorn 41 lot 
super fresh condition on sal","रू. 67,000",Manual,Others,Petrol,2012,,,,,
Ntorq 125cc 156 Lot Super Fresh Condition Onsell,"रू. 1,67,000",Manual,Scooty,Petrol,2022,,,,,
146 lot rrayzr hyvrid urgent sell,"रू. 2,30,000",Manual,Standard,Petrol,2024,55,146,blue,13000,125
super splendor 71lot,"रू. 85,000",Automatic,Standard,Petrol,2015,,,,,
Tvs Appachi 160 4v Abs 146 Lot Sale Or Exchange,"रू. 2,29,000",Manual,Standard,Petrol,2022,45,146,Blue,16000,160
Ns200 Fully Fresh Condition Lot-73 Single Hand,"रू. 1,28,000",Manual,Sport,Petrol,2016,,,,27000,200
like new,"रू. 2,90,000",Automatic,Scooty,Petrol,2025,55,058,blue,2400,125
Vespa 125cc Disk Break 119 Lot Sale Or Exchange,"रू. 1,39,000",Manual,Scooty,Petrol,2020,30,119,Red,22000,125
111 lot avenger 220 cruise on sell,"रू. 1,77,000",Manual,Cruiser,Petrol,2019,40,111,,,220
Hero i splendor (71)lot,"रू. 80,000",Manual,Standard,Petrol,2015,45,71,Silver gray,,110
Xr190l 039lot on sell,"रू. 6,08,000",Manual,Standard,Petrol,2022,35,039,,,190
Honda Dio Fully fresh 60 lot 9803656430,"रू. 90,000",Automatic,Scooty,Petrol,2015,40++,,,,
Apache RTR 200 Fully Fresh Lot-78,"रू. 1,10,000",Manual,Sport,Petrol,2017,,,,27000,200
fz v2 lot 97 super fresh condition,"रू. 1,65,000",Automatic,Sport,Petrol,2018,45,,,32000,150
Plusar 150 Cc Fully Fresh Lot-010 Super Fresh,"रू. 1,00,000",Manual,Sport,Petrol,2016,,,,27000,150
Yamaha Rayzr fi (038)lot,"रू. 2,10,000",Manual,Scooty,Petrol,2021,50,038,Blue street rally,19200,125
Benelli 320s 121lot 2020 model fresh bike for sale,"रू. 5,65,000",Manual,Sport,Petrol,202”,22,121,Neon,33000,302
Honda Grazia 2019 Model Fresh Condicion 9865466320,"रू. 1,51,000",Automatic,Standard,Petrol,2019,,,,,125
Honda XR 190 2019 model,"रू. 4,65,000",Manual,Dirt,Petrol,2019,,006,,31000,190
Honda dio 74 lot sale,"रू. 99,999",Automatic,Scooty,Petrol,2016,35,74,Grey,36000,109
Tvs Ntorque Race Fi 135 Lot Sale Or Exchange,"रू. 2,10,000",Manual,Scooty,Petrol,2021,50,135,Red,16000,125
220 pulsar lot 80,"रू. 1,27,000",Automatic,Standard,Petrol,2017,45,80,blue,37635,220
ntorq race 020 lot,"रू. 1,58,000",Manual,Scooty,Petrol,2020,,,,,
HERO Pleasure 110cc 22 Lot Fresh Scooty for Sale,"रू. 33,000",Automatic,Scooty,Petrol,2008,35,22,Blue,72000,110
NS 200 BRAND NEW,"रू. 4,00,000",Automatic,Standard,Petrol,2025,,,,,
fascino 92lot,"रू. 85,000",Automatic,Standard,Petrol,2017,,,,,
TVS RAIDER 125 2022 21K RUN SINGLE HAND,"रू. 1,80,000",Manual,Standard,Petrol,2022,,,,,
pulasr 150 single disc,"रू. 66,000",Automatic,Standard,Petrol,2012,45,42,blue,,150
Tvs Phonex 68 Lot Super Fresh Condition Onsell,"रू. 67,000",Manual,Sport,Petrol,2014,,,,,
ntorq 036lot,"रू. 1,60,000",Automatic,Standard,Petrol,2021,,,,,
burgeman 007lot,"रू. 1,30,000",Automatic,Standard,Petrol,2019,,,,,
Aviator 007 Lot,"रू. 1,35,000",Manual,Scooty,Petrol,2019,,,,,
xtreme sprot 150,"रू. 60,000",Automatic,Sport,Petrol,2015,,,,,
single hand vespa 117 lot on sale,"रू. 1,45,000",Manual,Scooty,Petrol,2019,35,017,,,
Tvs Nrorque Racexp 146 Lot Sale Or Exchange,"रू. 2,45,000",Manual,Scooty,Petrol,2024,55,146,Red,9000,125
Suzuki burgman 106 lot sale,"रू. 1,10,000",Automatic,Scooty,Petrol,2019,35,106,Grey,23000,125
Duk 200 BS4,"रू. 1,90,000",Manual,Others,Petrol,2015,,,,,200
Bajaj Avenger 220,"रू. 1,00,000",Automatic,Cruiser,Petrol,2012,,52,Blue,50 plus,220
HERO SPLENDOR PLUS(FIXED PRICE WITH OFFER),"रू. 84,999",Manual,Standard,Petrol,2016,50,80,Black,30976,100
hero smart 009lot,"रू. 85,000",Automatic,Standard,Petrol,2019,,,,,
Yamaha 250 Fzs Fi Abs 2021 model 027 lot sell Exch,"रू. 2,30,000",Automatic,Standard,Petrol,2021,35,027,Blue,22000,250
"duke 200: price:2,10,000","रू. 2,10,000",Automatic,Standard,Diesel,2012,20,,orange,40000,200
Ntorq Race 041 Lot,"रू. 1,80,000",Manual,Scooty,Petrol,2022,,,,,
Beneli Motorcycle,"रू. 2,50,000",Automatic,Standard,Petrol,2019,25,111,White and black,21000,250
Yamaha fzs v2. 0 on sale,"रू. 1,95,000",Manual,Standard,Petrol,2019,45,109,Navy blue,52000,150
Single Hand Used Honda Shine On Urgent Sale,"रू. 82,000",Automatic,Standard,Petrol,2013,55,61,Black,22000,125
Yahama Facino 101 Lot Sale Or Exchange,"रू. 99,000",Manual,Scooty,Petrol,2017,45,101,Blue,22000,110
pulsar 150 010lot,"रू. 1,10,000",Automatic,Standard,Petrol,2016,,,,,
TVs Ntroq 107 lot sale,"रू. 1,27,000",Automatic,Scooty,Petrol,2019,30,107,yellow,25000,125
Bajaj Ns 160cc like new 90 lot 9803656430,"रू. 1,10,000",Automatic,Sport,Petrol,2017,45+,,,,160
HONDA Aviator 110,"रू. 1,10,000",Manual,Scooty,Petrol,2017,,92,,,110
April sr 125cc  131lot super fresh condition on se,"रू. 1,57,000",Manual,Scooty,Petrol,2021,,,,,
X pulse,"रू. 2,30,000",Automatic,Dirt,Petrol,2021,,,,,
suzuki burgeman 007lot,"रू. 1,30,000",Automatic,Standard,Petrol,2019,,,,,
single hand V3,रू. 210,Manual,Sport,Petrol,2018,50,103,blue,12000,155
honda aviator 007lot,"रू. 1,35,000",Manual,Scooty,Petrol,2019,,,,,
Ntroq 125 2021 model sale !!!,"रू. 1,65,000",Manual,Scooty,Petrol,2021,30 35,123,Grey,,125
fascino 95lot,"रू. 75,000",Automatic,Standard,Petrol,2018,,,,,
honda cb 350cc,"रू. 7,20,000",Automatic,Standard,Petrol,2021,30,026,black,10400,350
Very good condition Honda grazia fi,"रू. 2,00,000",Automatic,Scooty,Petrol,2021,50,128,Red,,125
fmf exhaust with bend pipe,"रू. 75,000",Manual,Standard,Petrol,2020,,,,,
vespa 88lot,"रू. 1,05,000",Manual,Scooty,Petrol,2017,,,,,
Aprilla Sr 125cc 119 Lot Super Fresh Condition Ons,"रू. 1,37,000",Manual,Scooty,Petrol,2020,,,,,
pleasure 007lot,"रू. 75,000",Automatic,Standard,Petrol,2019,,,,,
Yamaha R15v3 123 Lot Super Fresh Condition Onsell,"रू. 2,78,000",Manual,Sport,Petrol,2020,,,,,
Tvs NTORQ 125 XP,"रू. 2,30,000",Manual,Scooty,Petrol,2022,45,040,Red and black,33000,125
Hero pleasure 107 lot,"रू. 1,00,000",Manual,Scooty,Petrol,2019,,107,,,
Hero Glamour Like New 97 Lot,"रू. 95,000",Manual,Standard,Petrol,2018,55,97,,,125
X pulse 2v like brand new,"रू. 2,10,000",Manual,Dirt,Petrol,2001,35,16,White,28000,200
"Honda Dio 89 LOT SUPER FRESH , 9813296721","रू. 1,25,000",Automatic,Scooty,Petrol,2017,,,,,110
HONDA Grazzia 125cc 108 Lot Fresh Scooty for Sale,"रू. 1,39,000",Automatic,Scooty,Petrol,2019,40,108,Orange,19000,125
yamaha r1V3,रू. 333,Manual,Sport,Petrol,2021,45,033,blue,30,155
Ns200 2024 model,"रू. 4,00,000",Manual,Sport,Petrol,2024,,155,Black,7000,200
pulsar 220 80 lot sale,"रू. 1,27,000",Automatic,Standard,Petrol,2016,35,80,Blue and black,35000,220
Pulsar 150 Cc 77 Lot,"रू. 1,08,000",Manual,Standard,Petrol,2016,,,,,
CX Se 250 on fresh condition,"रू. 2,55,000",Manual,Standard,Petrol,0,,,,,
fascino 2017 model on sale fresh,"रू. 90,000",Manual,Standard,Petrol,2017,40,94,,,113
Hj250,"रू. 4,20,000",Manual,Dirt,Petrol,2023,,,,,
Only service in showroom full fresh tvs raider fi,"रू. 2,15,000",Manual,Standard,Petrol,2024,,,Red,16000,125
hero pleasure scooter,"रू. 80,000",Automatic,Scooty,Petrol,2016,35,104,red,27777,102
Tvs ntroq lot 123 super fresh condition,"रू. 1,55,000",Automatic,Scooty,Petrol,2021,40,,,22000,125
Yamaha Ray Zr 125,"रू. 1,78,000",Automatic,Scooty,Petrol,2021,50kms+,028,Blue,22000,125
Royal Engiled Thunderbird X 114 Lot 2020 Model Sal,"रू. 3,89,000",Manual,Cruiser,Petrol,2020,30,114,White,22000,350
Ns200 urgent on sell,"रू. 1,20,000",Manual,Sport,Petrol,2016,35,73,,,200
Fashion,"रू. 80,000",Automatic,Scooty,Petrol,2016,35,80,Red,39677,115
220 bike on sell,"रू. 2,35,000",Manual,Standard,Petrol,2021,35,31,red and black,45500,220
Yamaha FZ-S V2 (102 lot),"रू. 1,66,000",Manual,Standard,Petrol,2018,,102,,,
Hero Masterio 125cc 98 Lot Sale Or Exchange,"रू. 89,000",Manual,Scooty,Petrol,2018,45,98,Blue,33000,125
honda unicorn 39lot,"रू. 55,000",Automatic,Standard,Petrol,2010,,,,,
Dominer 400 023 Lot,"रू. 3,10,000",Manual,Sport,Petrol,2021,,,,,
Scooty for Sale,"रू. 1,45,000",Automatic,Scooty,Petrol,2019,30,129,,,110
Yamaha Fz250,"रू. 2,40,000",Manual,Standard,Petrol,2021,35,132,Blue,36800,250
TVs Stryker 98 lot on sale,"रू. 88,000",Automatic,Standard,Petrol,2018,49,98,red black,28000,125
Rtr 160 4v,"रू. 1,40,000",Automatic,Standard,Petrol,2018,40,014,red,40000,160
NQi Electric Scooter,"रू. 2,80,000",Automatic,Scooty,Electric,2023,,,White,4000,
Benelli 135cc 96 Lot Sale Or Exchange,"रू. 1,09,000",Manual,Standard,Petrol,2018,45,96,Red,45,135
Gixxer 88lot,"रू. 1,10,000",Manual,Standard,Petrol,2017,,,,,
Vespa vxl 106 lot,"रू. 1,15,000",Manual,Scooty,Petrol,2019,35,106,,,125
Honda Shine 26 Lot,"रू. 58,000",Manual,Standard,Petrol,2012,,,,,
Honda Dio 52 Fresh ✅Mint Condition,"रू. 73,500",Automatic,Scooty,Petrol,2012,40,52,Grey,30000,110
Urgent Sell Tvs( RTR) 1604v,"रू. 2,05,000",Manual,Standard,Petrol,2022,45,014,Red,10000,160
urgent sell,रू. 125,Manual,Dirt,Petrol,2019,40,107,read,22000,125
Yamaha 150 Fzs v3 Bs6 Fi Abs Single Hand 2024 mode,"रू. 3,35,000",Automatic,Standard,Petrol,2024,47,051,Graee,11000,150
vespa 003 lot,"रू. 1,15,000",Manual,Scooty,Petrol,2018,,,,,
grazia 008 lot,"रू. 1,50,000",Manual,Scooty,Petrol,2019,,,,,
Urgent sale price 160k,रू. 160,Manual,Sport,Petrol,2020,40,018,Blue,50k,
Honda shine 39 lot sale,"रू. 63,000",Automatic,Standard,Petrol,2008,40,39,Black,42000,125
Hornet bike ba 75 pa on sale,"रू. 95,000",Manual,Standard,Petrol,2016,45,ba 75 pa,orange,64000,160
Tvs raider 125 049 lot 8500 k.m clocked,"रू. 2,55,000",Manual,Standard,Petrol,2025,50,049,Black,8500,125
Crossfire Hj 250cc 135 lot 9803656430,"रू. 4,10,000",Automatic,Dirt,Petrol,2022 last,,,,,250
pulsar 150 035lot,"रू. 1,95,000",Automatic,Standard,Petrol,2021,,,,,
Aprilla Sr125 Like New 131 Lot,"रू. 1,55,000",Automatic,Scooty,Petrol,2021,45,131,,,125
Honda Avator 97 Lot Sale Or Exchange,"रू. 1,39,000",Manual,Scooty,Petrol,2018,45,97,White,23000,110
classic reborn on sell,रू. 0,Manual,Cruiser,Petrol,2025,,,balck,2000,350
Rxz135 Yamaha,"रू. 3,50,000",Manual,Sport,Petrol,1998,,,Black,50000,135
Vespa SXL 150 for sale. Km run at 19000 only.,"रू. 2,35,000",Automatic,Scooty,Petrol,2018,,12,Maroon,16000-19000,150
dio 120 lot urgent sell,"रू. 1,65,000",Manual,Scooty,Petrol,2020,40,120,,15000,110
Royal Enfield Electra 350,"रू. 4,75,000",Manual,Cruiser,Petrol,2006,30,22,Black,2000,350
Royal enfield classic 350 Direct seller,"रू. 4,75,000",Manual,Standard,Petrol,2019,,111,black,38000,350
Vespa Vxl 150 Fully Fresh Condition Lot-88,"रू. 1,20,000",Manual,Scooty,Petrol,2017,,,,25000,150
Aprilla Sr 125cc 119 Lot Super Fresh Condition Sel,"रू. 1,37,000",Manual,Scooty,Petrol,2020,,,,,
Avaitor 2019 model,"रू. 1,40,000",Automatic,Scooty,Petrol,2019,35,009,red,41000,
sasto ma bike aayo matra 23hajar ma bike,"रू. 19,999",Manual,Standard,Petrol,2023,80,129,,18000,100
"pulsar ns 200 fi,abs exchange with scooter","रू. 2,40,000",Manual,Sport,Petrol,2020,35,021,red& black,24000,200
single hand honda dio 110cc on sale,"रू. 1,40,000",Manual,Scooty,Petrol,2018,35,95,red and black,25410,110
ntorq 029lot,"रू. 1,55,000",Automatic,Standard,Petrol,2021,,,,,
Ns 200 140 lot fi abs,"रू. 2,69,999",Manual,Standard,Petrol,2022,40,139,,22000,200
Royal Enfield Hunter 350 | REBEL BLACK,"रू. 4,40,000",Manual,Standard,Petrol,2024,Around 35–40 km/l,148,Dapper black,6000,350 cc
"65 lot ,,yamaha szr ,, urgent sale","रू. 69,000",Manual,Sport,Petrol,2014,45,65,,,150
Honda Shine CB 250 FOR SALE ONLY!! 142 LOT,"रू. 2,00,000",Manual,Standard,Petrol,2022,50,042,Black,15210,125
Yamaha Ray Zr scooter Top variant on sale,"रू. 2,85,000",Manual,Scooty,Hybrid,2025,55,155,Ice White,4700,125
TVS NTROQ 125 FI   031lot,"रू. 1,80,000",Manual,Scooty,Petrol,2021,40,031,Red and Black,20k,125
TVs Ntroq 056 Lot 2022 Model Single hand Price175k,"रू. 1,75,000",Manual,Scooty,Petrol,2022,40,056,Blue,18000,125
Ns 200 lot 152 2018 model super fresh condition,"रू. 1,45,000",Automatic,Sport,Petrol,2018,35,,,28000,200
Yamaha Fz v3 for Sale Kathamandu,"रू. 1,99,000",Manual,Standard,Petrol,2019,50,110,Black,45,155
Bike on sale urgent,"रू. 1,40,000",Automatic,Cruiser,Petrol,2015,,,,,
Pulsar 150 Like New 144lot,"रू. 2,25,000",Manual,Standard,Petrol,2023,45,144,,,150
Italjet Buccaneer 250 i,"रू. 2,99,999",Manual,Standard,Petrol,2017,30,98,Silver,24700,250
hj 250cc super fresh condition,"रू. 4,20,000",Automatic,Dirt,Petrol,2022,25,,,5000,250
Super Splendor Fully Fresh Lot-57 Condition Super,"रू. 67,000",Manual,Sport,Petrol,2014,,,,27000,
Bajaj Discover 135 Cc 30 Lot Sale Or Exchange,"रू. 45,000",Manual,Standard,Petrol,2008,45,30,Blue,52000,135
HONDA CB SHINE 2013 MODEL(FIXED PRICE WITH OFFER),"रू. 93,999",Manual,Standard,Petrol,2013,45,60,Silver,35000,125
"Jawa Perak Custom – Clean, Smooth & Ready to Ride","रू. 4,74,000",Manual,Cruiser,Petrol,2021,24-29,124,Matte black,20000,334
Tvs Appachi 160 4v Doube Disk 112 Lot Sale Or Ex,"रू. 1,44,000",Manual,Standard,Petrol,2019,45,112,Red,23000,160
Yamaha rayz 108 lot sale,"रू. 97,000",Automatic,Scooty,Petrol,2019,35,108,Red,28000,110
Itallica Formula 150cc Doube Disk 99 Lot Sale Or E,"रू. 1,29,000",Manual,Scooty,Petrol,2019,30,99,White,16000,150
Italica formula 150,"रू. 2,00,000",Manual,Scooty,Petrol,2021,,030,Black,15000,150
"Crossfire Gr7 113 lot bike , 9813296721","रू. 2,55,000",Manual,Dirt,Petrol,2019,,,,,250
rayzr 64lot,"रू. 62,000",Automatic,Standard,Petrol,2014,,,,,
fz250 very low km running,"रू. 2,50,000",Manual,Sport,Petrol,2017,,,ballistic blue,13000,249
Ntorq 125 race edition,"रू. 1,48,000",Manual,Scooty,Petrol,2020,30,,red and black,24000,125
Honda aviator 73 lot,"रू. 1,00,000",Manual,Scooty,Petrol,2016,,73,black,,125
Avenger Like New 37 Lot,"रू. 65,000",Manual,Cruiser,Petrol,2009,40,37,,,200
ray zr hybrid 2024,"रू. 2,50,000",Manual,Scooty,Petrol,2024,,,,6000,125
Bajaj pulsar 220f (81 lot),"रू. 1,36,000",Manual,Standard,Petrol,2016,,81,,34000,220
YAMAHA R15 ON URGENT SELL,"रू. 2,80,000",Manual,Sport,Petrol,2021,,102,Blue,27000,150
Ns 200 Fully fresh 78 lot 9803656430,"रू. 1,23,000",Automatic,Sport,Petrol,2017,35+,,,,
250NK for sale (Limited Edition),"रू. 2,80,000",Manual,Sport,Petrol,2020,,020 Pa 7750,Silver,41K,250
Royal Enfield himalayan 411,"रू. 3,78,000",Manual,Dirt,Petrol,2016,22,81,Snow white,27k,411
Well Maintained Vespa VXL 2016 Model for Sale,"रू. 90,000",Automatic,Scooty,Petrol,2016,35-40,76,Red,32086,125
Bajaj NS 200 (93 lot),"रू. 1,39,000",Manual,Standard,Petrol,2018,,93,,27000,200
X pulse 4v,"रू. 3,90,000",Manual,Dirt,Diesel,2024,,151,Blue,8500,200
honda shine,"रू. 55,000",Automatic,Sport,Petrol,2010,50,,,25000,125
hero splendor 33 lot,"रू. 45,000",Manual,Standard,Petrol,2009,,33,,,
Honda Xr 190 L like new 139 lot 9803656430,"रू. 5,99,000",Automatic,Dirt,Petrol,2022 last,,,,,190
dio fi 046lot,"रू. 2,50,000",Automatic,Standard,Petrol,2024,,,,,
NS 200,"रू. 1,65,000",Manual,Sport,Petrol,2018,35,101,black,47000,200
Bajaj Avenger 200 36 Lot Sale Or Exchange,"रू. 75,000",Manual,Standard,Petrol,2012,40,36,Blue,33000,200
triumph scrambler 400x,"रू. 6,50,000",Manual,Others,Petrol,2024,,,red,8000,400
Italica 250,"रू. 3,59,000",Manual,Standard,Petrol,2021,25,124,Sky,13000,250
Fz V2 97 Lot,"रू. 1,68,000",Manual,Standard,Petrol,2018,,,,,
pulsar 150 81lot,"रू. 1,25,000",Automatic,Standard,Petrol,2016,,,,,
131 lot X puls like new condition,"रू. 2,35,000",Manual,Cruiser,Petrol,2021,,,,,
honda Dio 125cc,"रू. 2,90,000",Automatic,Scooty,Petrol,2025,55,058,blue,2400,125
ntroq - 036 lot,"रू. 1,50,000",Manual,Scooty,Petrol,2021,,,,,
Honda shine 24 lot on sale,"रू. 48,000",Automatic,Standard,Petrol,2006,40,24,Black,48000,125
Dorminar 400 Fi And Abs Fully Fresh Lot-025,"रू. 3,10,000",Manual,Sport,Petrol,2021,,,,24000,400
suzuki slingshot best for mileage,"रू. 48,000",Automatic,Sport,Petrol,2012,55,,,,125
137 Lot Yamaha F.Z V3 BS.6 Bike Sell Ma Xa,"रू. 2,35,000",Automatic,Standard,Petrol,2021,45,137,Black,16500,150
Ns 200 lot 78 super fresh condition,"रू. 1,25,000",Automatic,Sport,Petrol,2016,35,,,,200
112 lot 150 pulsar urgent sell,"रू. 1,32,000",Manual,Standard,Petrol,2019,40,112,,,150
Dio dx Scooty in fresh condition . Urgent sale..,"रू. 2,00,000",Automatic,Scooty,Petrol,2019,50,044,Red,6000,110
hero xtreme 125r ABS new 2025 fixed price,"रू. 2,20,000",Manual,Sport,Petrol,2025,50,,blue,4600,125
Vespa 003 Lot,"रू. 1,15,000",Manual,Scooty,Petrol,2018,,,,,
Ntorq fi scooter,"रू. 2,00,000",Manual,Scooty,Petrol,2020,30,029,Red and black,32000,125
Pleasure Scooter For Sale in Kathmandu,"रू. 39,999.99",Manual,Scooty,Petrol,Lucky Number 07,62 KM/Ltr,22,Green,66k,102.00cc
TVs Rtr 160 4v On Urgent Sale,"रू. 1,52,000",Automatic,Standard,Petrol,2019,40,144,Blue,28000,160
"Bajaj 220 Pulsar 
9843645282","रू. 1,45,000",Manual,Standard,Petrol,2018,,,,,220
ktm duke 250 for sale,"रू. 3,65,000",Manual,Standard,Petrol,2020,30,,black,42000,250
Aprilia SR 125 2022 model 36 lot.,"रू. 1,60,000",Automatic,Scooty,Petrol,2022,,36,,23000,125
dominar 025lot,"रू. 3,10,000",Automatic,Standard,Petrol,2021,,,,,400
Classic 350 needed,"रू. 4,00,000",Manual,Standard,Petrol,2018,,,,,
pulsar 150 lot 77 super fresh condition,"रू. 1,05,000",Automatic,Sport,Petrol,2016,45,,,30000,150
DIO FI SYSTEM 046LOT,"रू. 2,50,000",Automatic,Standard,Petrol,2024,,,,,
R15v3 023Lot  fresh condition on sale,"रू. 2,70,000",Manual,Sport,Petrol,2020,,,,,
Duke KTM 200,"रू. 2,15,000",Manual,Sport,Petrol,2015,25-35,68,Black and White,39100,200
BAJAJ Pulsar 150cc 43 Lot Single Disc for Sale,"रू. 69,000",Automatic,Standard,Petrol,2010,38,43,Black,71000,150
Ntorq Squad Edition Like New 125 Lot,"रू. 1,65,000",Automatic,Scooty,Petrol,2021,45,125,,,125
Single Hand Used TVs Wego On Urgent Sale,"रू. 62,000",Automatic,Scooty,Petrol,2013,35,59,,28000,125
"ns 200 78 lot fresh bike , 9813296721","रू. 1,25,000",Manual,Standard,Petrol,2016,,,,,200
ntorq 036 lot,"रू. 1,50,000",Manual,Scooty,Petrol,2022,,,,,
Plusar 150 Fully Fresh Lot-50 Condition Super,"रू. 80,000",Manual,Sport,Petrol,2014,,,,35000,150
Yamaha MT-15 V2 162 Lots Sale/Xchange,"रू. 4,99,900",Automatic,Sport,Petrol,2025,45,062,Royal Blue,3400,155
URGENT FOR SALE TARO SPOTS GP2,"रू. 2,30,000",Manual,Sport,Petrol,2022,35,141,Red,3800,200
pleasure 007lot,"रू. 75,000",Automatic,Standard,Petrol,2019,,,,,
220 pulsar 001 lot,"रू. 1,65,000",Manual,Standard,Petrol,2018,,,,,
"ns 200 152 lot 2018 model bike , 9813296721","रू. 1,45,000",Manual,Standard,Petrol,2018,,,,,200
xpulse 026lot,"रू. 2,30,000",Automatic,Standard,Petrol,2021,,,,,
135 lot Duke 200 Bs6 Fi&Abs,"रू. 4,25,000",Automatic,Standard,Petrol,2022,30,135,black/orange,15000,200
Brand: Honda,"रू. 80,000",Manual,Sport,Petrol,2014,40 - 45,66,Black,40k,150cc
discovery 68lot,"रू. 65,000",Automatic,Standard,Petrol,2015,,,,,
Fzs V3 Brand new condition,"रू. 2,57,000",Automatic,Sport,Petrol,2021,47,131,Black,13500,150
v15 lot 77 super fresh condition,"रू. 75,000",Automatic,Sport,Petrol,2016,45,,,32000,150
yadey Velex electric scooter,"रू. 2,20,000",Automatic,Scooty,Electric,2025,100,,blue,1000,
Jawa42,"रू. 2,85,000",Manual,Standard,Petrol,2020,,,,,
Honda Unicorn 41 Lot Super Fresh Condition Onsell,"रू. 67,000",Manual,Sport,Petrol,2010,,,,,
DOMINAR400CC - 025 lot fi abs,"रू. 2,95,000",Manual,Others,Petrol,2021,,,,,
Crossfire Gr7 like new 113 lot 9803656430,"रू. 2,50,000",Automatic,Dirt,Petrol,2019 last,,,,,250
Pulsar. 150 TD Single hand 027 2021,"रू. 1,68,000",Manual,Others,Petrol,2021,,,,,
Honda Dio 66 Lots Sale/Xchange,"रू. 99,900",Automatic,Sport,Petrol,2014,40,66,Red,35000,110
TVS RAIDER 125 Urgent sale 36 lot ekdamei urgent,"रू. 1,75,000",Manual,Standard,Petrol,2022,45-50,36,Black,38k,126
Ns 200 89 Lot Single Hand,"रू. 1,45,000",Manual,Standard,Petrol,2017,,89,,,200
Rayzr 125 50+ Millage 9823696114,"रू. 1,78,000",Automatic,Scooty,Petrol,2021,50,025,Navyblue,,125
Fzv2 Like New 126 Lot,"रू. 1,99,000",Manual,Standard,Petrol,2021,55,126,,,150
Aprilla Sr 125 Disk Break 120 Lot Sale Or Exchange,"रू. 1,59,000",Manual,Scooty,Petrol,2020,40,120,Blue,21000,125
Pulsar 220f abs (036)lot single hand like new bike,"रू. 2,65,000",Manual,Sport,Petrol,2022,40,036,Black and Gray,19000,220
Honda Hornet 160 on sell,"रू. 1,43,000",Manual,Sport,Petrol,2018,45,,,,160
Honda Xr 150,"रू. 2,75,000",Manual,Dirt,Petrol,2016,30,80,Red and white,46000,150cc
Ns200,"रू. 1,30,000",Manual,Others,Petrol,2016,,,,,200
pulsar 150 sd 81 lot,"रू. 1,25,000",Manual,Standard,Petrol,2016,35,81,,,150
"Vespa vxl scooter on sale , 2016 model, 9818728273","रू. 1,14,999",Automatic,Scooty,Petrol,2016,32,79,blue,22000,125
"Dominar Bajaj , 400cc","रू. 3,90,000",Manual,Others,Petrol,2021,25,,Black matte,25000,400
Ntorq race edition 125.,"रू. 1,55,000",Automatic,Scooty,Petrol,2019,40,014,black and red,32000,
I want to sell my bike urgent,"रू. 1,25,000",Manual,Standard,Petrol,2017,35-40km,,Black,30k,150
88 lot ns 200 on sale,"रू. 1,43,000",Manual,Standard,Petrol,2017,,88,,,
rtr 200 abs  2025 model,रू. 320,Manual,Sport,Petrol,2025,35,156,red and black,5700,200
Honda dio on sale,"रू. 2,80,000",Manual,Scooty,Petrol,2025,50+,,Red,6000,125
Dx Honda Dio,"रू. 1,63,000",Automatic,Scooty,Petrol,2019,,013,,,
Fzs v3 like new 125 lot fully fresh 9803656430,"रू. 2,20,000",Automatic,Sport,Petrol,2021 last,45++,,,,
Honda shine,"रू. 90,000",Manual,Standard,Petrol,2014,45,54,Black,,125
ktm rc 200,"रू. 4,40,000",Manual,Sport,Petrol,2022,30,02 36 pa 0073,SILVER MATT,14210,199.5
hero super splendor 121 lot sale,"रू. 1,39,000",Automatic,Standard,Petrol,2020,45,121,Red,25000,125
Ntorq 125 Fi 2021 Last Model 133 Lot Onsell,"रू. 1,98,000",Manual,Scooty,Petrol,2021,,,,22000,125
r15M 042lot single hand urgent sell,"रू. 3,78,000",Manual,Sport,Petrol,2022,50,042,,17000,155
aprila sr 125 019 lot,"रू. 1,35,000",Manual,Scooty,Petrol,2020,,,,,
Honda Shine Fully Fresh Condition Lot-57,"रू. 88,000",Manual,Sport,Petrol,2014,,,,27000,
suzuki gixxer 88lot,"रू. 1,05,000",Automatic,Standard,Petrol,2017,,,,,
suzuki gixxer 88lot,"रू. 1,15,000",Automatic,Standard,Petrol,2017,,,,,
FZ 250,"रू. 1,55,000",Manual,Sport,Petrol,2017,,,,,249
hero super splendor 71 lot,"रू. 95,000",Manual,Standard,Petrol,2015,40,71,,,
Suzuki Bike,"रू. 45,000",Manual,Standard,Petrol,2012,,,,,
Ns 160 145 lot,"रू. 1,70,000",Manual,Sport,Petrol,2022,35,145,,,125
220 Pulsar 2018,"रू. 2,10,000",Manual,Sport,Petrol,2018,,0 13 pa,Red and Black,35500,220
Hero Xoom 125 Scooter – Yellow color Latest Model,"रू. 2,15,000",Automatic,Scooty,Petrol,2025,50,060,Yellow,800,125
Single Hand Bajaj PULSAR 220F Abs,"रू. 2,38,000",Manual,Standard,Petrol,2020,35,121,Blue black,24000,220
Pleasure+ Fi 142 Lot like new good condition,"रू. 1,45,000",Manual,Scooty,Petrol,2022,65,142,Blue,4700,110
jawa 300 118lot on sell,"रू. 2,86,000",Manual,Standard,Petrol,2020,25,118,,,300
Radier fesh single hand on sale,"रू. 1,68,000",Manual,Standard,Petrol,2021,,,red,42000,125
Tvs Nrorque Raceediton Fi 130 Lot Sale Or Exchange,"रू. 2,09,000",Manual,Scooty,Petrol,2021,50,130,Red,21000,125
xpulse 200  146 lot urgent sell,"रू. 2,32,000",Manual,Sport,Petrol,2021,45,146,,25000,200
vespa 003lot,"रू. 1,20,000",Automatic,Standard,Petrol,2019,,,,,
ismart 79 lot,"रू. 70,000",Manual,Standard,Petrol,2016,,,,,
Ntroq 156Lot super fresh condition on sell,"रू. 1,67,000",Manual,Scooty,Petrol,2022,,,,,
Ntorq 125 Fi 033 Lot Super Fresh Condition Onsell,"रू. 1,98,000",Manual,Scooty,Petrol,2021,,,,22000,125
Ns 160 lot 90 super fresh condition,"रू. 1,13,000",Automatic,Sport,Petrol,2017,35,,,25000,160
honda aviator 007lot,"रू. 1,40,000",Automatic,Standard,Petrol,2019,,,,,
HONDA Aviator 110cc 110 Lot Super Fresh Scoty Sale,"रू. 1,34,000",Automatic,Scooty,Petrol,2019,42,110,Grey,20000,110
Tvs Raider Fi 2024 make model,"रू. 2,25,000",Manual,Standard,Petrol,2024,,,,,125
Crossfire RM 250,"रू. 5,80,000",Manual,Dirt,Petrol,2021,18,26,Red,10k,250
Honda Shine 87 Lot One-handed full fresh condition,"रू. 1,35,000",Manual,Standard,Petrol,2017,50,87,"black, red",40400,125
HONDA Activa 125cc 114 Lot Fresh Scooty for Sale,"रू. 1,22,000",Automatic,Scooty,Petrol,2019,38,114,Blue,71000,125
Reborn 350,"रू. 4,15,000",Manual,Cruiser,Petrol,2023,32,054,Halycon green,19000,350
Pulsar 220,"रू. 2,30,000",Manual,Sport,Petrol,2020,40,121,Blue & Black,24000,220
Hero Xpluse 200 2V (117 lot),"रू. 2,09,000",Manual,Standard,Petrol,2020,,117,,17000,200
"honda dio scooter on sale , 2011 model, 9818728273","रू. 49,999",Automatic,Scooty,Petrol,2011,,46,red,,100
Honda Dio 68 lot,"रू. 83,000",Automatic,Scooty,Petrol,2015,35,68,Dark grey,45000,110
dio fi 046lot,"रू. 2,50,000",Automatic,Standard,Petrol,2024,,,,,
hero smart 009lot,"रू. 85,000",Automatic,Standard,Petrol,2019,,,,,
Pulsar Ns 200 Super fresh 152 lot 9803656430,"रू. 1,40,000",Automatic,Sport,Petrol,2018 last,,,Black,,200
honda dio 60lot urgent sell,"रू. 96,000",Manual,Scooty,Petrol,2014,35,60,,,110
Fzs x (040)lot single use like new bike fi abs,"रू. 2,70,000",Manual,Sport,Petrol,2022,45,040,Orange,92000,155
crossfire tracker 250,"रू. 1,15,000",Automatic,Dirt,Petrol,2021,30,029,black and gray,,250
Urgent sell,"रू. 1,95,000",Manual,Scooty,Petrol,2024,,39,Blue,14000,
On Sell Rc 200,"रू. 2,25,000",Manual,Sport,Petrol,2015,35,69,Black,42000,200
Honda Dio 67 lot on sale,"रू. 89,000",Manual,Scooty,Petrol,2015,30,67,Red,31000,110
Yamaha R15M 050 Lot,"रू. 4,95,000",Manual,Sport,Petrol,2023,45,050,Silver,18313,155
honda aviator 73lot,"रू. 99,000",Automatic,Standard,Petrol,2016,,,,,
grazia 008lot,"रू. 1,55,000",Automatic,Standard,Petrol,2019,,,,,
Bajaj 150 at sale .,"रू. 1,10,000",Automatic,Others,Petrol,2008,35 +,3015,Black,39000k,
pulsar 150 035lot,"रू. 1,95,000",Automatic,Standard,Petrol,2021,,,,,
Avenger 150,"रू. 1,20,000",Manual,Cruiser,Petrol,2016,45,76,black,47000,150
Yamaha libro 16 lot super fresh condition on sell,"रू. 40,000",Manual,Others,Petrol,2003,,,,,
220 pulsar 024 lot,"रू. 2,20,000",Manual,Standard,Petrol,2021,,,,,
RTR Apache 002lot,"रू. 1,20,000",Manual,Standard,Petrol,2018,,,,,
Ns 160 lot 90 super fresh condition,"रू. 1,13,000",Automatic,Sport,Petrol,2017,45,,,25000,160
suzuki gixxer 88lot,"रू. 1,10,000",Automatic,Standard,Petrol,2017,,,,,
Fzs v3 (011)lot fi abs single use bike,"रू. 1,95,000",Manual,Sport,Petrol,2019,45,011,Marid Blue,25000,150
"Cf moto Nk 250cc Abs 
2018 model last","रू. 1,77,000",Manual,Sport,Petrol,2018,,97,white Black,,250
aviator lot 110,"रू. 1,41,000",Automatic,Scooty,Petrol,2020,45,110,grey,,110
Xr 190,"रू. 4,95,000",Manual,Dirt,Petrol,2019,40,104,Red n white,35000,190
honda Hornet 160c. 101 lot fresh condition on sale,"रू. 1,48,000",Manual,Others,Petrol,2016,,,,,
ntroq race edition fi 144 lot on sale,"रू. 2,17,000",Automatic,Scooty,Petrol,2023,40,144,Blue,19000,125
2010 Modelko 2083 Ko Kar Clar Insurance Clar Xa,"रू. 65,000",Manual,Scooty,Petrol,2010,35,41,Black,33808,110
pulsar 220 lot 131 super fresh condition,"रू. 2,55,000",Automatic,Sport,Petrol,2021,45,,,12000,220
Honda unicorn,"रू. 52,000",Manual,Standard,Petrol,2009,,,,,150
,रु,,,,,,,,,
Honda Dio 82 Lot Sale Or Exchange,"रू. 1,34,000",Manual,Scooty,Petrol,2017,40,82,Blue white,22000,110
jawa 42  300cc 118 lot  super fresh condition sell,"रू. 2,88,000",Manual,Standard,Petrol,2020,,,,,
pleasure 007lot,"रू. 75,000",Automatic,Standard,Petrol,2019,,,,,
Hero pleasure,"रू. 75,000",Automatic,Scooty,Petrol,2021,,,,,
cx 250 dirt rim super fresh condition,"रू. 4,20,000",Automatic,Dirt,Petrol,2021,25,,,12000,250
Rx 100 on sale (No bluebook),"रू. 40,000",Manual,Others,Petrol,1997,,,,,
pulsar 150 50lot,"रू. 70,000",Automatic,Standard,Petrol,2012,,,,,
Honda Aviator fully fresh 127 lot 9803656430,"रू. 1,60,000",Automatic,Standard,Petrol,2021 last,45+,,Silver,,110
Fi Glamor 136 Lot Super Fresh Condition Onsell,"रू. 1,45,000",Manual,Sport,Petrol,2022,,,,,
Pleasure scooter in cheap price,"रू. 40,000",Manual,Standard,Petrol,2013,,33,,,
Xpulse Pro,रू. 453,Manual,Dirt,Petrol,2025,38,155,White,2800,200
"Honda Dio
57 Lot 67 Lot 9843645282","रू. 90,000",Manual,Scooty,Petrol,2015,,,,,110
Crossfire Gr7 Like new 113 lot 9803656430,"रू. 2,49,000",Automatic,Dirt,Petrol,2019 last,,113,,,250
Aprillia SXR 160 Red color,"रू. 3,50,000",Automatic,Scooty,Petrol,2022,,33,Red,19855,160
Single Hand Yamaha Ray Zr On Urgent Sale,"रू. 97,000",Automatic,Scooty,Petrol,2018,35,102,,11000,125
Aprilla sr 150 Brand new 2025 model,"रू. 2,70,000",Manual,Scooty,Petrol,2025,,60,Black red,,150
Showroom Condition Duke 250 2022 Model,"रू. 4,45,000",Manual,Sport,Petrol,2022,,,,,250
Fi Glamor 136 Lot Super Fresh Condition Onsell,"रू. 1,53,000",Manual,Sport,Petrol,2022,,,,,
grazia 008lot,"रू. 1,55,000",Automatic,Standard,Petrol,2019,,,,,
Ns 200 2018 Model Super Fresh Condition 9865466320,"रू. 1,65,000",Manual,Sport,Petrol,2018,,,,,
Yamaha Ray ZR 125 FI Hybrid 2023,"रू. 2,65,000",Automatic,Scooty,Petrol,2023,45-50kmpl,147,Racing Blue,7000,125
Ktm Duke RC 200 2016 Model,"रू. 2,15,000",Automatic,Sport,Petrol,2016,,77,blk,30,200
Tvs Ntorq 141 lot race edition,"रू. 1,85,000",Manual,Scooty,Petrol,2022,30,141,yellow,30000,125
R15 V3 023 Lot,"रू. 2,85,000",Manual,Sport,Petrol,2021,,,,,
Ns 125 single hand 9862222784 2022,"रू. 1,70,000",Manual,Standard,Petrol,22,,,,,
Urgent sale,"रू. 2,50,000",Automatic,Standard,Petrol,2023,Average,048,Black,13000,149.5
Hero Maestro 98lot,"रू. 80,000",Manual,Scooty,Petrol,2018,,,,,
Plusar 150 Fully Fresh Condition Lot-40,"रू. 80,000",Manual,Sport,Petrol,2014,,,,35000,150
Ktm Duke 200Cc 140 Lots Sale/Xchange,"रू. 3,89,900",Automatic,Sport,Petrol,2022,35,040,Orginal/Black,216220,200
Hornet Like new condition 101 lot 9803656430,"रू. 1,38,000",Automatic,Standard,Petrol,2018 last,45+,,,,
Ktm duke 250 bs4 single hand bike,"रू. 3,05,000",Manual,Sport,Petrol,2017,40,89,Orange and white,22000,250
SUZUKI GIXXER SF 155 (FRESH ENGINE CONDITION),"रू. 99,999",Manual,Sport,Petrol,2017,45,81,SILVER,38000,155
Honda Dio,"रू. 1,29,000",Automatic,Scooty,Petrol,2017,35,77,Blue and white,,115
Scooter on sale,"रू. 2,50,000",Manual,Scooty,Petrol,2024 AD,50kmpl,53,Mustard yellow,3950,110
pleasure 007lot,"रू. 75,000",Automatic,Standard,Petrol,2019,,,,,
Honda Dio 125cc,"रू. 2,50,000",Automatic,Scooty,Petrol,2024,50+,151,Red,9000,125CC
Cf Moto Nk 250 97 Lot Super Fresh Condition Onsell,"रू. 1,77,000",Manual,Sport,Petrol,2018,,,,,
Hero Achiever Like New 102 Lot,"रू. 95,000",Manual,Standard,Petrol,2018,55,102,,,150
"pulsar 220f abs 131 lot bike , 9813296721","रू. 2,45,000",Manual,Standard,Petrol,2021,,,,,220
suzuki burgeman 007lot,"रू. 1,30,000",Automatic,Standard,Petrol,2019,,,,,
Pulsar 220 Lot 85,"रू. 1,35,000",Manual,Standard,Petrol,2017,30,85,Voilet,58000,220
Hero I Smart 63 Lot Super Fresh Condition Onsell,"रू. 67,000",Manual,Sport,Petrol,2014,,,,,
Brand New,रू. 396,Manual,Sport,Petrol,2082,,61,New Grey,2000,150
pulsar220 - 055 lot abs 2025 model ‼️,"रू. 3,50,000",Manual,Standard,Petrol,2025,,,,,220
hero smart 009lot,"रू. 85,000",Automatic,Standard,Petrol,2019,,,,,
Active Honda,"रू. 68,000",Automatic,Scooty,Petrol,2014,45,65,Red,00,110
136 lot MT 15 2022 model like new,"रू. 3,55,000",Manual,Sport,Petrol,2022,,,,,
Honda Hornet 101 Lot Super Fresh Condition Onsell,"रू. 1,47,000",Manual,Sport,Petrol,2018,,,,,
Fzsv2 Like New 117 Lot Single Use,"रू. 1,95,000",Manual,Standard,Petrol,2020,55,117,,,150
suzuki sling shot 125cc super fresh condition,"रू. 48,000",Automatic,Sport,Petrol,2013,50,,,35000,125
R15 v1 frsh on sale,"रू. 75,000",Manual,Standard,Petrol,2013,,,,,
One hand Use Honda Dio lot 60 fresh 9803656430,"रू. 90,000",Automatic,Scooty,Petrol,2015,,,,,
"Cx 250r dirt rim 121 lot super fresh , 9813296721","रू. 4,20,000",Manual,Dirt,Petrol,2020,,,,,250
Terra Motors Electric scotor,"रू. 60,000",Automatic,Scooty,Electric,2018,,,red and black,,
Bullet Classic Like New 150 Lot,"रू. 4,70,000",Manual,Standard,Petrol,2024,35,150,,,350
Super Fresh NS 200 On Sale,"रू. 2,45,000",Manual,Sport,Petrol,2022,,,,,200
pulsar 150 010lot,"रू. 1,00,000",Automatic,Standard,Petrol,2016,,,,,
Pulsar 220f on sale,"रू. 1,80,000",Manual,Standard,Petrol,2019,35,102,Red and black,70k,220
Jawa For Sale & Exchange,रू. 335,Manual,Sport,Petrol,2020,30,039,Blue,19000,300
Apache RTR 160 4v Fully Fresh Lot-032 Super,"रू. 1,88,000",Manual,Sport,Petrol,2021,,,,22000,160
Pulsar 150cc 151 lot like new 9803656430,"रू. 1,80,000",Automatic,Standard,Petrol,2024,45+,,,12000,
Yamaha fzv2 97 lot sale,"रू. 1,55,000",Automatic,Standard,Petrol,2018,45,97,Black,29000,155
fascino 92lot,"रू. 75,000",Automatic,Standard,Petrol,2017,,,,,
N150 on sale,"रू. 3,20,000",Automatic,Standard,Petrol,2025,50,160,black,6828,150
fascino 92lot,"रू. 75,000",Automatic,Standard,Petrol,2017,,,,,
honda Dio - 046 lot fi BS6,"रू. 2,35,000",Manual,Scooty,Petrol,2023,,,,,110
aviator 027 lot,"रू. 1,55,000",Manual,Scooty,Petrol,2021,,,,,
honda unicorn 39lot,"रू. 55,000",Automatic,Cruiser,Petrol,2010,,,,,
Tvs Ntroq 125cc Fully fresh 123 lot 9803656430,"रू. 1,50,000",Automatic,Scooty,Petrol,2021,35+,,,,
Honda Hornet 160R,"रू. 1,19,000",Manual,Standard,Petrol,2016,,76,Red,100k,160
HONDA DIO 110cc,"रू. 89,000",Automatic,Scooty,Petrol,2015,35,70,Red white,39000,110
pleasure 44lot,"रू. 50,000",Automatic,Standard,Petrol,2011,,,,,
Honda Dio on sale fresh cha,"रू. 88,000",Manual,Scooty,Petrol,2015,,,red,,110
Pulsar NS 200 (88 Lot) – Power Meets Style,"रू. 1,70,000",Manual,Standard,Petrol,2017,30+,88,Black,29000,200
Pleasure,"रू. 40,000",Automatic,Scooty,Petrol,2010,40,27,Red,0000,100
Urgent Sell,"रू. 6,25,000",Manual,Dirt,Petrol,2022,45,,Red,18000,190
bike  on sell,"रू. 75,000",Manual,Standard,Petrol,2012,50,54,red,45000,155
fzs v3 lot 125 super fresh condition,"रू. 2,35,000",Automatic,Sport,Petrol,2021,45,,,22000,150
bike sale 9801333375,"रू. 92,000",Automatic,Standard,Petrol,2019,45,007,blue,60000,125
Fzs V2 2016 model,"रू. 1,43,000",Automatic,Scooty,Petrol,2016,,,,,150
R15M Fully Brand New Condition Lot-042,"रू. 3,78,000",Manual,Sport,Petrol,2022,,,,19000,155
"aprilia sr 150 Scooter For Sales,","रू. 2,00,000",Automatic,Scooty,Petrol,2021,32,15,"White,  Red",22000,150
Pulsar 220 2016 One Hand Bike For Sale,"रू. 1,38,000",Manual,Standard,Petrol,2016,,72,Black and white,48000,
Honda Unicorn 54 Lot Sale Or Exchange,"रू. 75,000",Manual,Standard,Petrol,2013,45,54,Black,33000,150
Sale!!  Scooty Pleasure,"रू. 39,000",Manual,Scooty,Petrol,2065,,,,,110
Apache Rtr 200 4v RTFI BS6 135 Lot,"रू. 2,20,000",Manual,Sport,Petrol,2023,40+,135,Black Red,35000,200
Pulsar 220 like new Single hand 21 modl 9803656430,"रू. 2,40,000",Automatic,Standard,Petrol,2021 last,,,,,
Royal Enfield classic 350 (106 lot),"रू. 4,38,000",Manual,Standard,Petrol,2019,,106,,23000,350
Vespa 103 lot,"रू. 1,20,000",Automatic,Scooty,Petrol,2019,,,,,
Fz on sale,"रू. 2,45,000",Manual,Others,Petrol,2021,45,132,Navy Blue,22000,149
"Rtr 200 4v 
002 Lot 9843645282","रू. 1,38,000",Manual,Sport,Petrol,2018,,,,,
Bike on rent for pathao Indrive yango,रू. 750,Automatic,Standard,Petrol,2015,,,,,
Fzs v2 like new 144 lot single hand 9803656430,"रू. 2,65,000",Automatic,Standard,Petrol,2023 last,45++,,Navi blue,14500,
Ntorq 125 Fi 2021 Last Model 133 Lot Onsell,"रू. 1,98,000",Manual,Scooty,Petrol,2021,,,,22000,125
Aprillia 150 Race edition 98 lot fixp,"रू. 1,15,000",Manual,Standard,Petrol,0,,,,,
Xpulse on sale,"रू. 1,65,000",Manual,Dirt,Petrol,2020,,,Army Color,35k,200
fascino 95lot,"रू. 75,000",Automatic,Standard,Petrol,2018,,,,,
Bajaj pulsar,"रू. 1,50,000",Manual,Standard,Petrol,2079,42,013,blue black,21000,150
gixer 88 lot 2017 model,"रू. 1,12,000",Automatic,Standard,Petrol,2017,,88,,,
Fz V3 fresh condition 9862222784,"रू. 1,75,000",Manual,Standard,Petrol,19,,,,,
Tvs Nrorque Raceediton 136 Lot Sale Or Exchange,"रू. 2,09,000",Manual,Standard,Petrol,2021,45,136,Yellow,16000,125
Honda Avator 135 Lot Sale Or Exchange,"रू. 1,75,000",Manual,Scooty,Petrol,2021,45,132,Grey,16000,125
Himalayan 450 On Sale (9k Km),"रू. 9,00,000",Manual,Standard,Petrol,2024,,,,,
Ns 200 Fully fresh 73 lot 9803656430,"रू. 1,20,000",Automatic,Sport,Petrol,2016,35+,,,,
Gixxer 88 Lot,"रू. 1,10,000",Manual,Standard,Petrol,2017,,,,,
Grazia 125 025 lot single. hand 15k only running,"रू. 1,68,000",Manual,Standard,Petrol,0,,,,,
Suzuki Gixxer 110 lot fully fresh 9803656430,"रू. 1,39,000",Automatic,Standard,Petrol,2019,45,110,,26000,
Hero I smart 109 lot,"रू. 90,000",Manual,Standard,Petrol,2019,,109,,,
126 lot MT 15 in Excellent condition,"रू. 3,15,000",Manual,Sport,Petrol,2021,,,,,
CB unicorn 160 on sale,"रू. 70,000",Manual,Standard,Petrol,2015,45,,black,,160
Yamaha Fascino,"रू. 90,000",Manual,Scooty,Petrol,2017,30,85,Ocean green,42000,110
R15 V3 single owner 2022 model,रू. 335,Automatic,Sport,Petrol,2022,50,034,,27000,150
pulsar220 - 101 lot,"रू. 1,60,000",Manual,Standard,Petrol,2018,,,,,220
Hero xpluse 126 lot,"रू. 2,28,000",Manual,Dirt,Petrol,2021,35,026,white,38000,200
Dio,"रू. 1,25,000",Manual,Scooty,Petrol,2017,,,,,
pulsar 220 055lot,"रू. 3,75,000",Automatic,Standard,Petrol,2025,,,,,
Honda Grazia 114 lot sale,"रू. 1,48,000",Automatic,Scooty,Petrol,2020,35,114,Orange,26000,125
hornet 160r on sell,"रू. 1,36,000",Manual,Sport,Petrol,2018,45,101,,,160
Aprilla sr 125cc lot 119 super fresh condition,"रू. 1,37,000",Automatic,Scooty,Petrol,2020,35,,,25000,125
Unicorn 160 2017model super fresh bike,"रू. 1,10,000",Manual,Standard,Petrol,2017,40,058,Black,,160
April Sr 125 Cc Fully Fresh Lot-031,"रू. 1,65,000",Manual,Scooty,Petrol,2021,,,,22000,125
"himalayan 411 on sale , 2017 model   9818728273","रू. 3,49,999",Manual,Sport,Petrol,2017,,83,black,,411
Dorminar 400 Abs Fully Brand New Condition Lot-025,"रू. 3,18,000",Manual,Sport,Petrol,2021,,,,24000,400
Honda Avator 81 Lot Sale Or Exchange,"रू. 1,29,000",Manual,Scooty,Petrol,2016,45,82,Red,33000,110
Ntorq 125cc 156 Lot Super Fresh Condition Onsell,"रू. 1,67,000",Manual,Scooty,Petrol,2022,,,,,
Honda Aviator Like New 122 Lot,"रू. 1,60,000",Automatic,Scooty,Petrol,2021,50,122,,,
Royal Enfield classic 350 (133 lot),"रू. 4,86,000",Manual,Standard,Petrol,2021,,133,,14000,350
Pulsar N160 Blue 2023 Model,"रू. 3,10,000",Manual,Others,Petrol,2023,50,047,Blue,17766,160
Dio urgent sell,"रू. 1,15,000",Manual,Scooty,Petrol,2016,40,77,white and black,31625,115
Bajaj Pulsar 125cc 151 lot like new 9803656430,"रू. 1,79,000",Automatic,Standard,Petrol,2024,50,,,,
"Classic 350 , 2019 model, super fresh bike","रू. 4,85,000",Manual,Standard,Petrol,2019,25,008pa,Hun metal grey,18500,350
Pulsar,"रू. 3,00,000",Automatic,Sport,Petrol,2024,45,Ba 153,Black,9000,160
YAMAHA Fascino 110cc 90 Lot Fresh Scooty for Sale,"रू. 96,000",Automatic,Scooty,Petrol,2017,38,90,Red,27000,110
Bajaj Avenger 150 for Sale - Urgent,"रू. 1,35,000",Manual,Cruiser,Petrol,2017,,87,Blue ( midnight blue),,149
Honda Unicon 160cc 41 lot fully fresh 9803656430,"रू. 60,000",Automatic,Standard,Petrol,2013,45+,,Black,35000,160
Ns 200 96 Lot,"रू. 1,60,000",Manual,Standard,Petrol,2018,,,,,
"Suzuki sling shot 125cc 52 lot bike , 9813296721","रू. 44,000",Manual,Standard,Petrol,2012,,,,,125
Suzuki Gixxer 150cc FI Doube Disk Sale Or Exchange,"रू. 1,99,000",Manual,Standard,Petrol,2021,50,127,Black,7000,150
Tvs Appachi 160 2v 65 Lot Sale Or Exchange,"रू. 99,000",Manual,Standard,Petrol,2014,45,65,Red,33000,160
Tvs Ntorque Drum 146 Lot Sale Or Exchange,"रू. 1,79,000",Manual,Scooty,Petrol,2022,35,146,Blue,17000,125
Honda shine unicorn on sell 75000/-,"रू. 75,000",Manual,Standard,Petrol,2010,50Km/liter,41,Black,12000,125cc
HONDA Aviator 110cc 107 Lot Fresh Scooty for Sale,"रू. 1,29,000",Automatic,Scooty,Petrol,2019,38,107,Red,35000,110
Rayzr Fi system Fully Fresh Lot-027 Super,"रू. 1,78,000",Manual,Scooty,Petrol,2021,,,,24000,
pleasure 44lot,"रू. 50,000",Automatic,Standard,Petrol,2011,,,,,
Honda Dio Fully Fresh Lot-60 Condition Super,"रू. 98,000",Manual,Scooty,Petrol,2014,,,,27000,
Hero Xtreme sports,"रू. 1,05,000",Manual,Standard,Petrol,2015,40+ (guarantee),67,,50k+,
140 lot fzs v3 urgent sell bs6,"रू. 2,60,000",Manual,Standard,Petrol,2022,45,140,,16000,150
honda aviator 73lot,"रू. 99,000",Automatic,Standard,Petrol,2016,,,,,
Honda Dio 54 lot,"रू. 80,000",Automatic,Scooty,Petrol,2012,50,54,Grey,47005,109
"honda dio scooter on sale, 2021 model , 9818728273","रू. 1,74,999",Automatic,Scooty,Petrol,2021,38,125,red grey,18000,110
Tvs Ntorque Raceediton 130 Lot Sale Or Exchange,"रू. 1,99,000",Manual,Scooty,Petrol,2021,45,130,Red,19000,125
