Name,Price,Transmission,Types,Fuel,Make Year,Mileage,URL
Bajaj Avenger 220 Cruise,"रू. 1,30,000",Manual,Cruiser,Petrol,2017,30,https://hamrobazaar.com/product/bajaj-avenger-220-cruise-in-nepal/2ca7b3662025b8744898bd6564c995e1
ns 125cc 045lot,"रू. 1,70,000",Automatic,Standard,Petrol,2024,,https://hamrobazaar.com/product/ns-125cc-045lot-in-bhaktapur/cbde41221f310ab1846740682bc7eafa
Classic Bullet 52 Lot On Sale,"रू. 3,20,000",Manual,Standard,Petrol,2012,30,https://hamrobazaar.com/product/classic-bullet-52-lot-on-sale-in-kathmandu/96d1f1b4816464d824462e1657dac91c
"Ns 200 On Sale 
Cn 9808069712","रू. 1,60,000",Manual,Standard,Petrol,2018,30,https://hamrobazaar.com/product/ns-200-on-sale-cn-9808069712-in-lalitpur/30a82a6e49cd3e63d746290186865395
ns 125 045lot,"रू. 1,70,000",Automatic,Standard,Petrol,2024,,https://hamrobazaar.com/product/ns-125-045lot-in-bhaktapur/100e64aff4cc60b68083af75d6a0594a
Pleasure Scooter | Black and Red - Good Condition,"रू. 40,000",Automatic,Scooty,Petrol,2010,35,https://hamrobazaar.com/product/pleasure-scooter-black-and-red-good-condition-in-nepal/3856e96de2501d55a2741d798381ea02
Ntroq 120 Lot(Single Hand),"रू. 1,68,000",Automatic,Scooty,Petrol,2020,,https://hamrobazaar.com/product/ntroq-120-lotsingle-hand-in-bhaktapur/0d250096df3441c95d11eb0ca6a85694
Yamaha RX 100 for restore - 5 lot,"रू. 25,000",Manual,Standard,Petrol,1994,,https://hamrobazaar.com/product/yamaha-rx-100-for-restore-5-lot-in-nepal/c3c2568611e2b09ed109f6777d48f253
Dio on sale,"रू. 1,28,000",Manual,Scooty,Petrol,2016,,https://hamrobazaar.com/product/dio-on-sale-in-bhaktapur/12d119affd11991411b72d3afadfa647
Dio fi 046 lot,रू. 12,Manual,Scooty,Petrol,2023,,https://hamrobazaar.com/product/dio-fi-046-lot-in-nepal/7a043221fb863f47b3082cd6fc6c001b
045 lot tvs ntorq race XP Fi sale and EX dio,"रू. 2,39,000",Automatic,Scooty,Petrol,2023,,https://hamrobazaar.com/product/045-lot-tvs-ntorq-race-xp-fi-sale-and-ex-dio-in-kathmandu/1044c0731734b77f0c82bf1e618c6ca0
ntorq race 041 lot,"रू. 1,80,000",Manual,Scooty,Petrol,2022,,https://hamrobazaar.com/product/ntorq-race-041-lot-in-bhaktapur/33f4772d5deec1cabaa8ef5d24e61225
"Honda Shine 
86 Lot  9843645282","रू. 1,25,000",Manual,Standard,Petrol,2017,,https://hamrobazaar.com/product/honda-shine-86-lot-9843645282-in-bhaktapur/ca17a575fd70bcdee40985da43f89165
Bajaj Pulsar 150cc 115 Lot 2020 Model Sale Or Ex,"रू. 1,89,000",Manual,Standard,Petrol,2020,45,https://hamrobazaar.com/product/bajaj-pulsar-150cc-115-lot-2020-model-sale-or-ex-in-kathmandu/1010ba9245acb35643af8caa4c871c11
scooty on rent,रू. 450,Manual,Standard,Petrol,2015,,https://hamrobazaar.com/product/scooty-on-rent-in-lalitpur/2a8e7e1f75e4953e958215e965e91465
BENELLI PANAREA 125 EFI SCOOTER SELL IN BHAKTAPUR,"रू. 2,50,000",Automatic,Standard,Petrol,2021,50,https://hamrobazaar.com/product/benelli-panarea-125-efi-scooter-sell-in-bhaktapur-in-bhaktapur/6afc50453ff87b619491d358c239c688
Bajaj Domaninar D400 98 Lots Sale/Xchange,"रू. 2,21,900",Automatic,Sport,Petrol,2018,30,https://hamrobazaar.com/product/bajaj-domaninar-d400-98-lots-salexchange-in-kathmandu/9a23d91ffef931dc673012b45f432ffb
Avaitor 2019 model,"रू. 1,40,000",Automatic,Scooty,Petrol,2019,35,https://hamrobazaar.com/product/avaitor-2019-model-in-kathmandu/bd07a355554507b5d8b40f495ada2036
Single Hand Bajaj Avenger 220 On Urgent Sale,"रू. 1,12,000",Automatic,Cruiser,Petrol,2016,40,https://hamrobazaar.com/product/single-hand-bajaj-avenger-220-on-urgent-sale-in-kathmandu/272cdc9e9bee78b8c8c5fea3e2f0d4c8
ns 200 abs on sell,"रू. 2,15,000",Manual,Standard,Petrol,2021,30,https://hamrobazaar.com/product/ns-200-abs-on-sell-in-kathmandu/1554eb33d4cce16356bce0b4a5fe6be2
"148 lot ,,2024 mdl ,,full loaded,,showrum conditio","रू. 4,89,000",Manual,Sport,Petrol,2024,,https://hamrobazaar.com/product/148-lot-2024-mdl-full-loadedshowrum-conditio-in-kathmandu/4c00bfc4818954a303d493c19dc091e9
Pulsar 150 65 Lot Super Fresh Condition Onsell,"रू. 89,000",Manual,Sport,Petrol,2014,,https://hamrobazaar.com/product/pulsar-150-65-lot-super-fresh-condition-onsell-in-bhaktapur/b2a96cd449b00ae00e7786ae1e5aab91
Fzs V2 2016 model,"रू. 1,43,000",Automatic,Scooty,Petrol,2016,,https://hamrobazaar.com/product/fzs-v2-2016-model-in-bhaktapur/0f3c1149f1d49853e7c37b8e541f84b7
"Dominar 400 On Sale 
Cn 9808069712","रू. 2,15,000",Manual,Cruiser,Petrol,2017,30,https://hamrobazaar.com/product/dominar-400-on-sale-cn-9808069712-in-lalitpur/22a83833d6ad66e510a7ca6ff235095c
Scooter Sell,"रू. 1,30,000",,,,,,https://hamrobazaar.com/product/scooter-sell-in-kathmandu/5d9efe94548676c73cf510ae736ae062
X-pulse-200,"रू. 1,95,000",Manual,Dirt,Petrol,2021,30,https://hamrobazaar.com/product/xpulse200-in-kathmandu/a2e6e5f7a7188064f2be3289c8e87a81
Suzuki GN 125,"रू. 1,60,000",Manual,Cruiser,Petrol,2010,45,https://hamrobazaar.com/product/suzuki-gn-125-in-kathmandu/f1a954683a751544cca5429a1e9a37ad
Bike on Sale(Hero),"रू. 1,65,000",Manual,Standard,Petrol,2019,40,https://hamrobazaar.com/product/bike-on-sale-in-kathmandu/6fafd57b35141416d1359b453bc27e09
Yamaha FZ250(Yamaha),"रू. 1,55,000",Manual,Sport,Petrol,2019,35,https://hamrobazaar.com/product/yamaha-fz250-in-kathmandu/205015cb881fc18669ed60fa65bd2949
Scooter,"रू. 2,00,000",Manual,Scooty,Petrol,2021,,https://hamrobazaar.com/product/scooter-in-kaski/5ebbcc00e21532fd3e2d5e5ee6bd75b3
TVs Apache 200cc 129 Lot 2021 Model 9823657076,"रू. 1,88,000",Manual,Standard,Petrol,2021,,https://hamrobazaar.com/product/tvs-apache-200cc-129-lot-2021-model-9823657076-in-bhaktapur/02632cdff990cf19eb1d297f652ab4f2
Honda nx 200 153 lot sale,"रू. 3,98,000",Automatic,Standard,Petrol,2024,45,https://hamrobazaar.com/product/honda-nx-200-153-lot-sale-in-kathmandu/ed3af471fd0f8435cef2ec34fab2b650
Aprilla Sr 125cc 96 Lot 9823657076,"रू. 1,19,000",Manual,Standard,Petrol,2018,,https://hamrobazaar.com/product/aprilla-sr-125cc-96-lot-9823657076-in-bhaktapur/f897846bfe0c3891d2787940ce71812b
CROSS X SE 250,"रू. 3,90,000",Manual,Dirt,Petrol,2017,30,https://hamrobazaar.com/product/cross-x-se-250-in-kathmandu/b50bbb6ea19326bf74a197c59f412fc9
Tvs Ronin 225cc 147 Lot Sale Or Ex,"रू. 3,69,000",Manual,Cruiser,Petrol,2023,35,https://hamrobazaar.com/product/tvs-ronin-225cc-147-lot-sale-or-ex-in-kathmandu/0c321f5f4332096bcda9cc23b90e57ec
Bike Sell(Royal Enfield),"रू. 5,25,000",Manual,Others,Petrol,2021,35,https://hamrobazaar.com/product/bike-sell-in-kathmandu/fb5a3c3db6bb4888a199f9ede34d95dc
151  Lot TVS Ridesr Bike Sell Ma Xa,"रू. 1,95,000",Automatic,Standard,Petrol,2024,45,https://hamrobazaar.com/product/151-lot-tvs-ridesr-bike-sell-ma-xa-in-bhaktapur/3eb46ba6beba66f791c39eaf32fd515d
honda dio 104lot (20km run)deluxe(Honda),"रू. 1,25,000",Automatic,Standard,Petrol,2018,35,https://hamrobazaar.com/product/honda-dio-104lot-20km-rundeluxe-in-kathmandu/62e031ead28f4a6a137400b7f08d03a9
Ntorq 125cc 156 Lot Singal Hand Onsell,"रू. 1,67,000",Manual,Scooty,Petrol,2022,,https://hamrobazaar.com/product/ntorq-125cc-156-lot-singal-hand-onsell-in-bhaktapur/47fae4b980f28a9992cc4c52e2d4b171
Motrac 125,"रू. 78,999",Manual,Standard,Petrol,2017,25,https://hamrobazaar.com/product/motrac-125-in-kathmandu/46d98efd6999481be24a727585f7bf56
Apache rtr 200,"रू. 1,15,000",Manual,Sport,Petrol,2017,35,https://hamrobazaar.com/product/apache-rtr-200-in-lalitpur/d84c6c57e7cd95e35c0153f9041d4f5f
Pulsar 220cc 85 Lot 9823657076,"रू. 1,38,000",Manual,Standard,Petrol,2017,,https://hamrobazaar.com/product/pulsar-220cc-85-lot-9823657076-in-bhaktapur/cb55f05b26f9e4a28ab5b9e02b6d070d
Modified HUSKY 125 - Decorative Piece(Other Motorcycle Brands),"रू. 55,000",Manual,Cruiser,Petrol,1997,0,https://hamrobazaar.com/product/modified-husky-125-decorative-piece-in-nepal/5dab084e8eb845ffbdce717a5118ccec
Tvs Ntorque Race XP 142 Lot Sale Or Ex,"रू. 2,39,000",Manual,Scooty,Petrol,2022,50,https://hamrobazaar.com/product/tvs-ntorque-race-xp-142-lot-sale-or-ex-in-kathmandu/5e12da5c6ae8de92dda7c479999de592
Honda xr 190 Fi  139 lot  super fresh condition,"रू. 6,10,000",Manual,Dirt,Petrol,2022,,https://hamrobazaar.com/product/honda-xr-190-fi-139-lot-super-fresh-condition-in-nepal/e11991d785ce47edfc4a69aaa67238b7
Yamaha R15 V2,"रू. 1,25,000",Manual,Sport,Petrol,2011,25,https://hamrobazaar.com/product/yamaha-r15-v2-in-kathmandu/9f89599f7825ffc5e0f8cf402018aea7
TVs Apache 200cc 129 Lot 2021 Model 9823657076,"रू. 1,88,000",Manual,Standard,Petrol,2021,,https://hamrobazaar.com/product/tvs-apache-200cc-129-lot-2021-model-9823657076-in-bhaktapur/3a0ece009a8dab74f9a8b183901a1ba0
Pulsar 220F Black and Red,"रू. 2,04,999",Manual,Standard,Petrol,2018,35,https://hamrobazaar.com/product/pulsar-220f-black-and-red-in-kathmandu/ddb3ff6f47cb8a5cff1e86d29aa484d1
New Scooter Sell,"रू. 2,45,000",Automatic,Scooty,Petrol,2025,58,https://hamrobazaar.com/product/new-scooter-sell-in-kathmandu/0f0125e4d21b9e0d86c5def03d89ecae
Royal Enfield Classic 350 for Sale!!!(Royal Enfield),"रू. 3,50,000",Manual,Standard,Petrol,2014,,https://hamrobazaar.com/product/royal-enfield-classic-350-for-sale-in-kathmandu/598617824f7d4f4aae0ddcf891687fed
fascino 95lot,"रू. 75,000",Automatic,Standard,Petrol,2018,,https://hamrobazaar.com/product/fascino-95lot-in-bhaktapur/06bc2f676dbe5d1051fb4da312b4c1bd
Yamaha R15 V3 2018 Model 9823657076,"रू. 2,37,000",Manual,Standard,Petrol,2018,,https://hamrobazaar.com/product/yamaha-r15-v3-2018-model-9823657076-in-bhaktapur/a0638f3e8057db0c9d1a4ba1e699b528
Avenger 220 cruise,"रू. 99,000",Manual,Cruiser,Petrol,2014,35,https://hamrobazaar.com/product/avenger-220-cruise-in-lalitpur/04d7d2e135c7fcabc5e00a64718fcd4e
Honda Aviator 81 Lot 2016 Model 9823657076,"रू. 1,08,000",Manual,Standard,Petrol,2016,,https://hamrobazaar.com/product/honda-aviator-81-lot-2016-model-9823657076-in-bhaktapur/82681af77a519147623b32e10d9ee46e
Hero Glummer 125cc(Hero),"रू. 1,45,000",Manual,Standard,Petrol,2018,50,https://hamrobazaar.com/product/hero-glummer-125cc-in-kathmandu/4a9474726c7a2f3e576f33d930b09357
Jawa Forty Two 118 Lot 9823657076,"रू. 2,98,000",Manual,Standard,Petrol,2020,,https://hamrobazaar.com/product/jawa-forty-two-118-lot-9823657076-in-bhaktapur/014a35ebbf0eec849c474299b54ba83f
dio 130 lot urgent sell,"रू. 1,75,000",Automatic,Scooty,Petrol,2021,,https://hamrobazaar.com/product/dio-130-lot-urgent-sell-in-nepal/2285cd2882cf51dbe72f2cb3f768257c
Discover 84 lot,"रू. 70,000",Automatic,Others,Petrol,2015,,https://hamrobazaar.com/product/discover-84-lot-in-bhaktapur/1ae61d5c71084e97ac484dca8a18ea58
R15M V4,"रू. 4,60,000",Manual,Sport,Petrol,2023,45,https://hamrobazaar.com/product/r15m-v4-in-makwanpur/7578056bce328cf125d899048660f477
Honda Dio Old Model 2014  51 Lot 9823657076,"रू. 57,000",Manual,Standard,Petrol,2014,,https://hamrobazaar.com/product/honda-dio-old-model-2014-51-lot-9823657076-in-bhaktapur/28398b6e27e9ab2c850b07ae4f935ace
Beneli 150 Efi 142 Lot 2019 Model 9823657076,"रू. 1,43,000",Manual,Standard,Petrol,2019,,https://hamrobazaar.com/product/beneli-150-efi-142-lot-2019-model-9823657076-in-bhaktapur/6be8609f70d26b9765b718b354d344e8
"New Generation E-Bike for Touring, Hiking, Commute","रू. 74,999",Automatic,Others,Electric,2021,,https://hamrobazaar.com/product/new-generation-ebike-for-touring-hiking-commute-in-kathmandu/a74b961dd3553c7272c432d1650285b8
Crf250l(Honda),"रू. 14,50,000",Manual,Dirt,Petrol,2019,,https://hamrobazaar.com/product/crf250l-in-kathmandu/d83ac00a28794ad689eddf1c986f9470
"Benelli 300 On Sale 
Cn 9808069712","रू. 3,60,000",Manual,Sport,Petrol,2017,30,https://hamrobazaar.com/product/benelli-300-on-sale-cn-9808069712-in-lalitpur/8358ad6f67ac9de5b68e6c7284c0a72c
Atorq scooter sale(TVS),"रू. 1,65,000",Automatic,Scooty,Petrol,2020,,https://hamrobazaar.com/product/atorq-scooter-sale-in-kathmandu/f710110c84f9b1685b55fa2890bcdfc8
black classic 350 on sale or exchange,रू. 100,Manual,Standard,Petrol,2018,,https://hamrobazaar.com/product/black-classic-350-on-sale-or-exchange-in-bhaktapur/023e722860ec1595170603cf81aa5183
crossfire Hj250 dark edition on sale,"रू. 3,96,000",Manual,Dirt,Petrol,2021,25,https://hamrobazaar.com/product/crossfire-hj250-dark-edition-on-sale-in-kathmandu/ad5e90d3c3cb8f5b6cd6467322795458
Ns200cc Fi abs 135 lot 2022 model 9823657076,"रू. 2,33,000",Manual,Standard,Petrol,2022,,https://hamrobazaar.com/product/ns200cc-fi-abs-135-lot-2022-model-9823657076-in-bhaktapur/b19980f1c98b5e8b3eaa96e4ff107b4e
Royala Enfiled Thunderbird 350X 114 Lot 2020 Modl,"रू. 3,89,000",Manual,Cruiser,Petrol,2020,30,https://hamrobazaar.com/product/royala-enfiled-thunderbird-350x-114-lot-2020-modl-in-kathmandu/cc97460acda01f0f4a6e8c8218da4781
Pulsar 150cc 83 Lot 2017 Model 9823657076,"रू. 1,27,000",Manual,Standard,Petrol,2017,,https://hamrobazaar.com/product/pulsar-150cc-83-lot-2017-model-9823657076-in-bhaktapur/875f83d6dfeba689dfce94529816fef6
Italijet 250cc,"रू. 3,00,000",Manual,Cruiser,Petrol,2017,,https://hamrobazaar.com/product/italijet-250cc-in-lalitpur/bbe36d90dd05d7721778f63d1aba7df9
028 Lot Fz V2 Double Dish Urgent Sale Or Exchange,"रू. 2,30,000",Manual,Standard,Petrol,2021,45,https://hamrobazaar.com/product/028-lot-fz-v2-double-dish-urgent-sale-or-exchange-in-lalitpur/26fb2091bb132920a482d524e53230ff
Honda Aviator 2015 model 67 lot sell,"रू. 82,000",Automatic,Scooty,Petrol,2015,35,https://hamrobazaar.com/product/honda-aviator-2015-model-67-lot-sell-in-kathmandu/c0534e82a73cdc4b272f97ee6704bb4b
Honda Dio 78Lot 2016 model 9745326273,"रू. 1,05,000",Automatic,Scooty,Petrol,2016,,https://hamrobazaar.com/product/honda-dio-78lot-2016-model-9745326273-in-bhaktapur/70aa19a05bde89500ccb7e833a9e90f8
TVs Apache 200cc 129 Lot 2021 Model 9823657076,"रू. 1,83,000",Manual,Standard,Petrol,2021,,https://hamrobazaar.com/product/tvs-apache-200cc-129-lot-2021-model-9823657076-in-bhaktapur/08084b19224ddc2b41c4e582d6e6b141
Odometer for Crf 250l and Rally,"रू. 48,500",Manual,Dirt,Petrol,2019,,https://hamrobazaar.com/product/odometer-for-crf-250l-and-rally-in-kathmandu/37ca0aed2b148f1853e5b1fda31e51f0
Benelli TNT 135(Benelli),"रु 160,000",Manual,Standard,Petrol,2018,40+,https://hamrobazaar.com/product/benelli-tnt-135-in-sunsari/1899bfb09cebc6c339d75d17e6efca18
Aprilla 125 strom (9841948008),"रू. 1,50,000",Automatic,Scooty,Petrol,2021,30,https://hamrobazaar.com/product/aprilla-125-strom-9841948008-in-lalitpur/30c1936c0737679e25411156669e8cf2
TVS RAIDER 125 2022 21K RUN SINGLE HAND,"रू. 1,80,000",Manual,Standard,Petrol,2022,,https://hamrobazaar.com/product/tvs-raider-125-2022-21k-run-single-hand-in-kathmandu/3546b8f75e3e8d7692f59fa902f8e5ec
Yamaha Lebro Tax cler pass hunxa vintag 9803656430,"रू. 38,000",Automatic,Standard,Petrol,2005,48+,https://hamrobazaar.com/product/yamaha-lebro-tax-cler-pass-hunxa-vintag-9803656430-in-bhaktapur/a65e904c86214ec8db1b3c69ef1d2eaa
Pulsar 150 2005 model(Bajaj),"रू. 44,000",Manual,Standard,Petrol,2005,Above 40,https://hamrobazaar.com/product/pulsar-150-2005-model-in-kathmandu/35fae691d442c184b0d0a3f4cde42fbc
Crossfire Gr7,"रू. 2,58,000",Manual,Dirt,Petrol,2019,22,https://hamrobazaar.com/product/crossfire-gr7-in-lalitpur/95288dbbea713e2b16ca34eeb0bfc888
crossfire tracker 250,"रू. 1,15,000",Automatic,Dirt,Petrol,2021,30,https://hamrobazaar.com/product/crossfire-tracker-250-in-kathmandu/9d5aaa3504e455b1025969f90e530576
Yamaha R15 V3 2018 Model 9823657076,"रू. 2,38,000",Manual,Standard,Petrol,2018,,https://hamrobazaar.com/product/yamaha-r15-v3-2018-model-9823657076-in-bhaktapur/b086ae4fc0a29c3cb37caea6ad596693
Cbz Xtriem 125cc 155 lot 2025 Model 9823657076,"रू. 2,43,000",Manual,Standard,Petrol,2025,,https://hamrobazaar.com/product/cbz-xtriem-125cc-155-lot-2025-model-9823657076-in-bhaktapur/48cad793221f46c71e21e57757c045fa
Aviator Fully Fresh Lot-027 Super Fresh,"रू. 1,75,000",Manual,Scooty,Petrol,2021,,https://hamrobazaar.com/product/aviator-fully-fresh-lot027-super-fresh-in-bhaktapur/70e718bebdad6e3d87578d39dd6580ec
Apache Rtr 1604v 102lot On Sale Or Exchange,"रू. 1,59,000",Manual,Standard,Petrol,2019,,https://hamrobazaar.com/product/apache-rtr-1604v-102lot-on-sale-or-exchange-in-kathmandu/6e1139e3caa37443a4544d50448e7cd0
Honda XR 190L,"रू. 6,20,000",Manual,Dirt,Petrol,2019,45 km/l,https://hamrobazaar.com/product/honda-xr-190l-in-kathmandu/a9138bdbb4c70989e1f256a2647faf6d
BMW GS 310 on urgent sale,"रू. 7,30,000",Manual,Others,Petrol,2019,30,https://hamrobazaar.com/product/bmw-gs-310-on-urgent-sale-in-kathmandu/72564d88e1ff1301e6fb391aed986e65
Bajaj Ns 200,"रू. 1,25,000",Manual,Standard,Petrol,2017,35,https://hamrobazaar.com/product/bajaj-ns-200-in-lalitpur/65ed69a7162c7efcea8055da145771f1
Yamaha ZR Street Rally 113cc(Yamaha),"रू. 1,25,000",Automatic,Scooty,Petrol,2018,,https://hamrobazaar.com/product/yamaha-zr-street-rally-113cc-in-kathmandu/14ffc711fe7945daa8dece436f9d5e07
Ktm Duke 250 gen 3. (fully fresh single hand bike),"रू. 5,50,000",Automatic,Standard,Petrol,2024,,https://hamrobazaar.com/product/ktm-duke-250-gen-3-fully-fresh-single-hand-bike-in-palpa/b370cd21a270e11ef26790625aba8b14
Fresh Rtr 160 4v on sale,"रू. 1,85,000",Automatic,Sport,Petrol,2020,,https://hamrobazaar.com/product/fresh-rtr-160-4v-on-sale-in-kathmandu/542e9cba2fbc4fc49966178aea759e0e
Brand New Apache Rtr 160cc Bs6 Fi Abs 9823657076,"रू. 3,45,000",Manual,Standard,Petrol,2024,,https://hamrobazaar.com/product/brand-new-apache-rtr-160cc-bs6-fi-abs-9823657076-in-bhaktapur/5c9b03c86c511cf13a1cb02fb9caba73
rieju bike,"रू. 3,00,000",Manual,Dirt,Petrol,2010,20,https://hamrobazaar.com/product/rieju-bike-in-kathmandu/80cd11dda6eb82c1d3897c76b87cc7a8
Dio scooter,"रू. 1,65,000",Automatic,Scooty,Petrol,2022,,https://hamrobazaar.com/product/dio-scooter-in-kathmandu/5ad83ea6f656d076c8c2d2a7aac7da7e
220 bajaj pulsar,"रू. 2,75,000",Automatic,Standard,Petrol,2023,,https://hamrobazaar.com/product/220-bajaj-pulsar-in-surkhet/e1f836aa7a0dfc505e61e4ef9743c0ee
TVs Apache 200cc 129 Lot 2021 Model 9823657076,"रू. 1,88,000",Manual,Standard,Petrol,2021,,https://hamrobazaar.com/product/tvs-apache-200cc-129-lot-2021-model-9823657076-in-bhaktapur/e515cd97a4db11f979a223f0e18df257
SUZUKI GIXER SF155,"रू. 1,10,000",Manual,Sport,Petrol,2015,45,https://hamrobazaar.com/product/suzuki-gixer-sf155-in-kathmandu/8a0ef7e81ff6c426acdbd02875473889
150,"रू. 1,35,000",Manual,Standard,Petrol,2017,38,https://hamrobazaar.com/product/150-in-bhaktapur/019d019457ad2d2f969eb2377a3e32ef
"Dominar250D
2021model
Tax Clearance Upto 2083","रू. 2,60,000",Manual,Sport,Petrol,2021,25,https://hamrobazaar.com/product/dominar250d2021modeltax-clearance-upto-2083-in-kathmandu/36823ba7f102a740bc746724568e1292
Fz 250cc 98 Lot 2018 Model 9823657076,"रू. 1,53,000",Manual,Standard,Petrol,2018,,https://hamrobazaar.com/product/fz-250cc-98-lot-2018-model-9823657076-in-bhaktapur/f0b56bf8fdc4edcd3e1329bfff7022e2
Ktm Duke 200 93 Lot Sale Or Exchange 2018 Model,"रू. 2,99,000",Manual,Sport,Petrol,2017,35,https://hamrobazaar.com/product/ktm-duke-200-93-lot-sale-or-exchange-2018-model-in-kathmandu/1848d36f459f6e5bc21f22bfb1ebacb0
Honda Unicorn 150cc 37 Lot 2013 Model 9823657076,"रू. 67,000",Manual,Standard,Petrol,2013,,https://hamrobazaar.com/product/honda-unicorn-150cc-37-lot-2013-model-9823657076-in-bhaktapur/c45bb6c5852593a1dd847559f2e70c2b
Fresh Low Run Yamaha Mt 15,"रू. 4,10,000",Manual,Sport,Petrol,2023,,https://hamrobazaar.com/product/fresh-low-run-yamaha-mt-15-in-kathmandu/d0d0ba5736c9f24a68ec458ff1d79f3c
Aprilla sr 150 Brand new 2025 model,"रू. 2,70,000",Manual,Scooty,Petrol,2025,,https://hamrobazaar.com/product/aprilla-sr-150-brand-new-2025-model-in-kathmandu/5dde85414e193daf2b2f3f64f630ec25
Suzuki Burman 125cc 110 lot 2021 model 9823657076,"रू. 1,15,000",Manual,Standard,Petrol,2021,,https://hamrobazaar.com/product/suzuki-burman-125cc-110-lot-2021-model-9823657076-in-bhaktapur/b601e46ab78fc288962ee4cf306a01d1
Jawa 42 300cc 118 Lot Super Fresh Condition Sell,"रू. 2,78,000",Manual,Standard,Petrol,2020,,https://hamrobazaar.com/product/jawa-42-300cc-118-lot-super-fresh-condition-sell-in-bhaktapur/b13a77de2eff41d722683283037ecaa7
MT 15,"रू. 4,00,000",Automatic,Others,Petrol,2023,45,https://hamrobazaar.com/product/mt-15-in-bhaktapur/c4ad6a292d020c520dc33e73325f08d0
Suzuki let’s,"रु 70,000",Automatic,Scooty,Petrol,2018,40,https://hamrobazaar.com/product/suzuki-lets-in-lalitpur/be10c1f445f7af23add3f354f289a8cc
ns 200 on sale,रू. 130,Manual,Sport,Petrol,2018,35,https://hamrobazaar.com/product/ns-200-on-sale-in-kathmandu/5dcc1022a911674439cf795b04504db6
Pulsar Bike On Sale(Bajaj),"रू. 1,22,000",Automatic,Sport,Petrol,2016,40,https://hamrobazaar.com/product/pulsar-bike-on-sale-in-lalitpur/638d55ab13e443159e8189b06f9279f3
Honda shine unicorn on sell 75000/-,"रू. 75,000",Manual,Standard,Petrol,2010,50Km/liter,https://hamrobazaar.com/product/honda-shine-unicorn-on-sell-75000-in-kathmandu/eaa9ae0cec7540f18510544a60909bd6
"price = 160,000/-","रू. 1,60,000",Automatic,Scooty,Petrol,2019,40,https://hamrobazaar.com/product/price-160000-in-kathmandu/2d80c44a92d9d6ebb49d42ac20f8fc91
Brand New Ntroq Xp Top Model 9823657076,"रू. 3,00,000",Manual,Standard,Petrol,2024,,https://hamrobazaar.com/product/brand-new-ntroq-xp-top-model-9823657076-in-bhaktapur/61be0cb8928e28cce3d65e249d9fb98a
TVs Apache 200cc 129 Lot 2021 Model 9823657076,"रू. 1,88,000",Manual,Standard,Petrol,2021,,https://hamrobazaar.com/product/tvs-apache-200cc-129-lot-2021-model-9823657076-in-bhaktapur/5d43fbb265b437de511467c2044df4e3
Dominar 400  like brand new,"रू. 3,95,000",Manual,Sport,Petrol,2022,35,https://hamrobazaar.com/product/dominar-400-like-brand-new-in-kathmandu/9a62d9a377da8606a3f91c23f4347f23
Ktm 390 Adventure In Best Condition|All Accesories,"रू. 7,50,000",Automatic,Dirt,Petrol,2021,28,https://hamrobazaar.com/product/ktm-390-adventure-in-best-conditionall-accesories-in-kathmandu/fe388d0dc36d45646fd6ef7fe8125044
Pulsar 150cc 82 Lot 9823657076,"रू. 1,18,000",Manual,Standard,Petrol,2017,,https://hamrobazaar.com/product/pulsar-150cc-82-lot-9823657076-in-bhaktapur/f3479810821f894e14e2f1f247456da9
KTM Duke 200cc Bs6 123 Lot 2021 Model 9823657076,"रू. 3,33,000",Manual,Standard,Petrol,2021,,https://hamrobazaar.com/product/ktm-duke-200cc-bs6-123-lot-2021-model-9823657076-in-bhaktapur/d07e8ac690d5ad0373424764d27f8215
honda xl 185 on sale(1994 model),रू. 130,Manual,Dirt,Petrol,1990,,https://hamrobazaar.com/product/honda-xl-185-on-sale1994-model-in-nepal/b28e40a9079bfa71e53a423f7c562c19
TVs Ronin 225cc 9823657076,"रू. 3,88,000",,,,,,https://hamrobazaar.com/product/tvs-ronin-225cc-9823657076-in-bhaktapur/0cfe0e76c424c5f7b2a90970536daba6
honda aviator 007lot,"रू. 1,38,000",Automatic,Standard,Petrol,2019,,https://hamrobazaar.com/product/honda-aviator-007lot-in-bhaktapur/2d283a291be58afdc6832e6eacbf3ff2
Pulsar 150 Single Disk Is For Sale,"रू. 1,07,000",Automatic,Standard,Petrol,2017,35,https://hamrobazaar.com/product/pulsar-150-single-disk-is-for-sale-in-lalitpur/934ab222741e1d133b9383066f48ba33
very fresh bullet  sale or exchange,रू. 100,Manual,Standard,Petrol,2017,,https://hamrobazaar.com/product/very-fresh-bullet-sale-or-exchange-in-bhaktapur/a8101b7ecdb8170441aa7c656ac5060d
Honda XR 190 2018,"रू. 4,44,000",Manual,Dirt,Petrol,2018,,https://hamrobazaar.com/product/honda-xr-190-2018-in-lalitpur/f2970ba99ada7b1095ea2580a646db87
pulser 150 50lot,"रू. 75,000",Manual,Standard,Petrol,2013,,https://hamrobazaar.com/product/pulser-150-50lot-in-nepal/a38953619baa8e9a417ab7e022da4eb4
Ns 200 Fi & Abs (Top New Model ),"रू. 2,59,999",Manual,Sport,Petrol,2022,40,https://hamrobazaar.com/product/ns-200-fi-abs-top-new-model-in-lalitpur/51eb684544fbcd57ed268ccca02826b1
"Duke 200 On Sale 
Cn 9808069712","रू. 2,30,000",Manual,Standard,Petrol,2016,40,https://hamrobazaar.com/product/duke-200-on-sale-cn-9808069712-in-lalitpur/25e0e5ea79e8e954de2519e16a6a0320
fz v2,"रू. 1,50,000",Manual,Others,Petrol,2018,,https://hamrobazaar.com/product/fz-v2-in-nepal/64fc0a6eccd09ff9f3d1ceb9d44ba540
pulsar 220 055lot,"रू. 3,60,000",Manual,Standard,Petrol,2025,,https://hamrobazaar.com/product/pulsar-220-055lot-in-bhaktapur/9a922b81358c9881fc2a1a04b51f0a33
TVs Jupiter 91 Lot 2017 Model 9823657076,"रू. 83,000",Manual,Standard,Petrol,2017,,https://hamrobazaar.com/product/tvs-jupiter-91-lot-2017-model-9823657076-in-bhaktapur/7269f3101d56275205987254d6fc012f
honda shine bike 125 lot.if u want 9706127526,"रू. 1,62,000",Automatic,Others,Petrol,2021,,https://hamrobazaar.com/product/honda-shine-bike-125-lotif-u-want-9706127526-in-kathmandu/8ad859eb22a8cfd979bc2ce13dfbd1e5
Ns125 Fi And Abs Bs6 Fully Brand New Lot-045,"रू. 1,77,000",Manual,Sport,Petrol,2024,,https://hamrobazaar.com/product/ns125-fi-and-abs-bs6-fully-brand-new-lot045-in-bhaktapur/ee0df00840cdc621c79536f8b831c5b5
Fresh 220,"रू. 2,30,000",Manual,Sport,Petrol,2021,40,https://hamrobazaar.com/product/fresh-220-in-kathmandu/f79b7fe83a862955823f7ae5530f9751
Aprila SR 150cc 032lot,"रू. 1,58,000",Manual,Scooty,Petrol,2021,,https://hamrobazaar.com/product/aprila-sr-150cc-032lot-in-bhaktapur/e74ebaafe6704fc3d926cd91aa22003a
Yamaha Fzs v2,"रू. 2,10,000",Automatic,Sport,Petrol,2019,50,https://hamrobazaar.com/product/yamaha-fzs-v2-in-lalitpur/d6d880ad728aaa58a6f99b148b3ca318
Yamaha Fz V3 145 Lot 2023 Model 9823657076,"रू. 3,38,000",Manual,Standard,Petrol,2023,,https://hamrobazaar.com/product/yamaha-fz-v3-145-lot-2023-model-9823657076-in-bhaktapur/01e9eeb4a33aabd34e22a5f8e44e1e5a
Pulsar 220 2021 model 124 lot,"रू. 2,30,000",Manual,Sport,Petrol,2021,45,https://hamrobazaar.com/product/pulsar-220-2021-model-124-lot-in-kathmandu/19039cd76fc86756385bb9081d98d9c4
Yamaha R15 V3 2018 Model 9823657076,"रू. 2,37,000",Manual,Standard,Petrol,2018,,https://hamrobazaar.com/product/yamaha-r15-v3-2018-model-9823657076-in-bhaktapur/cedf137baea88845265da837d199de9b
Honda Dio 70 Lot 9823657076,"रू. 1,08,000",Manual,Standard,Petrol,2015,,https://hamrobazaar.com/product/honda-dio-70-lot-9823657076-in-bhaktapur/71cb30707d97f6b1d21193e3664d3b44
Zontes 150U1,"रू. 5,20,000",Automatic,Others,Petrol,2025,40,https://hamrobazaar.com/product/zontes-150u1-in-lalitpur/979a0d9b1b89a3d965b2ec0bf857c8d5
"Mahindra Flyte Scooter for Sale – Only Rs. 70,000!","रू. 70,000",Automatic,Scooty,Petrol,2073,,https://hamrobazaar.com/product/mahindra-flyte-scooter-for-sale-only-rs-70000-in-dhanusha/964cbd563226919567a14f667dfc41d8
Jawa 42 on sale super fresh 126 lot 2021 last,रु 380,Manual,Cruiser,Petrol,2021,30,https://hamrobazaar.com/product/jawa-42-on-sale-super-fresh-126-lot-2021-last-in-bhaktapur/bbfcf20ca846e4476fbefb950181305b
Mt-15 on sale,"रू. 4,30,000",Manual,Sport,Petrol,2023/2024,45,https://hamrobazaar.com/product/mt15-on-sale-in-lalitpur/c6e8357304205c448aa815b1f9aeb0fa
Ntroq fi lot 133 super fresh condition,"रू. 1,95,000",Automatic,Scooty,Petrol,2021,40,https://hamrobazaar.com/product/ntroq-fi-lot-133-super-fresh-condition-in-bhaktapur/856b3a2bdd3ad818f4e24f175c92e714
Urgent Sell Tvs( RTR) 1604v,"रू. 2,05,000",Manual,Standard,Petrol,2022,45,https://hamrobazaar.com/product/urgent-sell-tvs-rtr-1604v-in-kathmandu/09113f18fdea3a78b6dc787d1be4c41b
Yamaha fascino (104 lot),"रू. 89,000",Manual,Scooty,Petrol,2019,,https://hamrobazaar.com/product/yamaha-fascino-104-lot-in-kathmandu/c9b6bde83313487cf93b5c78ab2f5be3
Yamaha R15 V3 122 Lot 2021 Model 9823657076,"रू. 3,10,000",Manual,Standard,Petrol,2021,,https://hamrobazaar.com/product/yamaha-r15-v3-122-lot-2021-model-9823657076-in-bhaktapur/c392c3398dc4ea3a9967289294a9ec91
Hornet 160 Lot 001,"रू. 1,28,000",Manual,Standard,Petrol,2018,40,https://hamrobazaar.com/product/hornet-160-lot-001-in-bhaktapur/203076ff480dcb80d36a84fcbc531f30
On Sale,"रू. 1,80,000",Automatic,Cruiser,Petrol,2017,35,https://hamrobazaar.com/product/on-sale-in-rupandehi/31b4c1d1ca94d09ec9de31ef67ef736c
Pulsar 220 Bike Sell Urgent ‼️,"रू. 2,10,000",Manual,Standard,Petrol,2020,38,https://hamrobazaar.com/product/pulsar-220-bike-sell-urgent-in-kathmandu/0777455715047d8329742e950b9e056e
bajaj pulsar 150 on sale 2012 model(Bajaj),"रू. 65,000",Manual,Others,Petrol,2012,,https://hamrobazaar.com/product/bajaj-pulsar-150-on-sale-2012-model-in-makwanpur/fd3f9de9235e4fcd96614787643b8e02
FZ V3 Urgent Sale,"रू. 2,75,000",Automatic,Sport,Petrol,2021,40+,https://hamrobazaar.com/product/fz-v3-urgent-sale-in-kathmandu/04b8d3b80564912c545127a0621edb69
as 200,"रू. 95,000",Manual,Sport,Petrol,2015,30,https://hamrobazaar.com/product/as-200-in-nepal/69ee03dfa7aab9412f77673ce7729da3
Ns 200,"रू. 1,70,000",Manual,Sport,Petrol,2017,30+,https://hamrobazaar.com/product/ns-200-in-kathmandu/e0c51d6dd82b5c3946038b32f2638438
Bullet 350 Bs6 Fi 147 Lot 2023 Model 9823657076,"रू. 4,38,000",Manual,Standard,Petrol,2023,,https://hamrobazaar.com/product/bullet-350-bs6-fi-147-lot-2023-model-9823657076-in-bhaktapur/3299a2194aa2d32f19ef1ba3534aa6cf
Tvs Nrorque Raceediton Fi 130 Lot Sale Or Ex,"रू. 1,99,000",Manual,Scooty,Petrol,2021,40,https://hamrobazaar.com/product/tvs-nrorque-raceediton-fi-130-lot-sale-or-ex-in-kathmandu/f15d6dad0e606fd179030e0c301b3d28
Rayzr Fully Fresh Condition Lot-013 Super Fresh,"रू. 1,20,000",Manual,Scooty,Petrol,2019,,https://hamrobazaar.com/product/rayzr-fully-fresh-condition-lot013-super-fresh-in-bhaktapur/80759279e3c4f8245ba1e60712fb66ed
Cross X 250 SE SINGLE HAND,"रू. 3,25,000",Automatic,Dirt,Petrol,2016,25,https://hamrobazaar.com/product/cross-x-250-se-single-hand-in-kathmandu/08459b604506ecc7356cb65e71132fda
Ns 200 121 Lot,"रू. 1,98,000",Manual,Standard,Petrol,2020,,https://hamrobazaar.com/product/ns-200-121-lot-in-bhaktapur/361e0638458bf3eb0d5488c6220fb1b0
Tvs Nrorque Raceediton 136 Lot Sale Or Exchange,"रू. 2,09,000",Manual,Standard,Petrol,2021,45,https://hamrobazaar.com/product/tvs-nrorque-raceediton-136-lot-sale-or-exchange-in-kathmandu/a98bbb82d5ee3ae559e70c1533bb0e71
Urgent Sale Xr 190 041 Lot Single Hand Very Low Ra,"रू. 5,99,000",Manual,Dirt,Petrol,2022,,https://hamrobazaar.com/product/urgent-sale-xr-190-041-lot-single-hand-very-low-ra-in-kathmandu/e7ab59e76a19ed339abe2210fbd9c699
Honda aviator 75 lot sale,"रू. 90,000",Automatic,Scooty,Petrol,2016,35,https://hamrobazaar.com/product/honda-aviator-75-lot-sale-in-nepal/139ed2ab49d553362a418976d5225f1e
Bajaj Ns200cc Fi Abs 2020 Model 9823657076,"रू. 1,98,000",Manual,Standard,Petrol,2020,,https://hamrobazaar.com/product/bajaj-ns200cc-fi-abs-2020-model-9823657076-in-bhaktapur/750c77ff6660c808a27cadc31b0e8429
Aprilia Sr 125(Aprilia),"रू. 1,48,000",Automatic,Scooty,Petrol,2021,35,https://hamrobazaar.com/product/aprilia-sr-125-in-kathmandu/3350c8eba6535d9aaaa868a825a1ea5d
Honda xr 150,"रू. 2,90,000",Manual,Standard,Petrol,2017,40+,https://hamrobazaar.com/product/honda-xr-150-in-kathmandu/e30653fee080fa5940fba2a26a626c83
"NTORQ On Sale 
Cn 9808069712","रू. 1,45,000",Manual,Scooty,Petrol,2020,25,https://hamrobazaar.com/product/ntorq-on-sale-cn-9808069712-in-lalitpur/abb130b90662263b93a62ac6528cd247
Bajaj Ns 200cc 135 Lot 2022 Model 9823657076,"रू. 2,38,000",Manual,Standard,Petrol,2022,,https://hamrobazaar.com/product/bajaj-ns-200cc-135-lot-2022-model-9823657076-in-bhaktapur/f908a93f5a4ecf64de714dd6d9f941d6
Yamaha Fz V2 149 Lot 2023 Model 9823657076,"रू. 2,78,000",Manual,Standard,Petrol,2023,,https://hamrobazaar.com/product/yamaha-fz-v2-149-lot-2023-model-9823657076-in-bhaktapur/8538df1343b04562dc9c4a98e714d0a5
Pulsar 150cc,"रू. 65,000",Automatic,Standard,Petrol,2007,46,https://hamrobazaar.com/product/pulsar-150cc-in-kathmandu/7a2951af0c63554576205bff6bfd9d11
hero iSmart 63Lot bike ✅ 9813296721,"रू. 63,000",Manual,Standard,Hybrid,2014,,https://hamrobazaar.com/product/hero-ismart-63lot-bike-9813296721-in-bhaktapur/4c074643e16edc1dfe8f307ebea3847e
Aviator 127 Lot(single Hand),"रू. 1,58,000",Automatic,Scooty,Petrol,2021,,https://hamrobazaar.com/product/aviator-127-lotsingle-hand-in-bhaktapur/ca31c5abe10341e9c1072733c42e7f58
Mt-15,"रू. 3,90,000",Manual,Others,Petrol,2022,35,https://hamrobazaar.com/product/mt15-in-kathmandu/c3eda6fd380978ab573d7b64d1408e74
Ntroq 125 2021 model sale !!!,"रू. 1,65,000",Manual,Scooty,Petrol,2021,30 35,https://hamrobazaar.com/product/ntroq-125-2021-model-sale-in-kathmandu/8b36b31bfb0817064c69ce362a24a0fd
"Shine On Sale 
Cn 9808069712","रू. 1,29,999",Manual,Cruiser,Petrol,2018,45,https://hamrobazaar.com/product/shine-on-sale-cn-9808069712-in-lalitpur/9b0197d7dc8e48a5b4f8bdff15357667
79 lot splonder 100cc on sale,"रू. 83,000",Manual,Standard,Petrol,2016,,https://hamrobazaar.com/product/79-lot-splonder-100cc-on-sale-in-kathmandu/7ea7e687ab0476886026e487c276590d
For Sale: 2016 Royal Enfield Bullet 350(Royal Enfield),"रू. 3,10,000",Automatic,Standard,Petrol,2016,45,https://hamrobazaar.com/product/for-sale-2016-royal-enfield-bullet-350-in-kathmandu/2a45adba319dbcda72508bc5302876c0
Honda Xr 190 Fi Single Haned Sale Or Ex,"रू. 5,82,000",Manual,Dirt,Petrol,2021,45,https://hamrobazaar.com/product/honda-xr-190-fi-single-haned-sale-or-ex-in-kathmandu/105f55d0511d424839b22d21c66d5763
Aprilia 150 race edition (95 lot),"रू. 1,26,000",Automatic,Scooty,Petrol,2018,,https://hamrobazaar.com/product/aprilia-150-race-edition-95-lot-in-kathmandu/65726a8b995a45886c9413c294e5302c
Classic 350 Royal Enfield Bike On Hire.( Rental).,"रू. 3,500",Manual,Standard,Petrol,2016,25,https://hamrobazaar.com/product/classic-350-royal-enfield-bike-on-hire-rental-in-kathmandu/fe9804b0bfbffcc29ff98af2adda370c
Honda Shine 38 Lot,"रू. 65,000",Manual,Standard,Petrol,2010,,https://hamrobazaar.com/product/honda-shine-38-lot-in-lalitpur/c11947c6129376dcaf56102d9876cc1c
"Ns 160 lot 90 
super fresh condition on sale","रू. 1,50,000",Manual,Sport,Petrol,2017,,https://hamrobazaar.com/product/ns-160-lot-90-super-fresh-condition-on-sale-in-nepal/70acf2e3e45395eb76e10e1ea9dadd55
KTM DUKE 200 BS6,"रू. 3,39,000",Manual,Standard,Petrol,2022,30,https://hamrobazaar.com/product/ktm-duke-200-bs6-in-kathmandu/3a26ae79a773b3ec862a6b2857cbab2a
"OLD MODEL DIO 50 LOT , 9813296721","रू. 55,000",Automatic,Scooty,Petrol,2012,,https://hamrobazaar.com/product/old-model-dio-50-lot-9813296721-in-bhaktapur/9b70768f2d5a5251df6bda49819282e6
Yahama Rayz Fi Disk 133 Lot Sale Or Exchange,"रू. 1,89,000",Manual,Scooty,Petrol,2021,50,https://hamrobazaar.com/product/yahama-rayz-fi-disk-133-lot-sale-or-exchange-in-kathmandu/144b1d35327f39d4ff410ef6aacab8b3
ktm rc 200/ 2019 model,रू. 369,Manual,Sport,Petrol,2019,30,https://hamrobazaar.com/product/ktm-rc-200-2019-model-in-lalitpur/89ce40f5fc3e2b854964a1e703bf3084
BMW 310GS,"रू. 8,50,000",Manual,Dirt,Petrol,2019,,https://hamrobazaar.com/product/bmw-310gs-in-lalitpur/68e9010a39e44bf3daaf6339db00e7ae
Ebike sell(Other Motorcycle Brands),"रू. 80,000",Automatic,Scooty,Electric,2017,40-50,https://hamrobazaar.com/product/ebike-sell-in-kathmandu/d0dd9d6507b54fd6bee5eb7dd9a8539a
Italica formula 150,"रू. 2,00,000",Manual,Scooty,Petrol,2021,,https://hamrobazaar.com/product/italica-formula-150-in-lalitpur/331f9d3406c89523b1005945c97aa04e
Super spender bike on sale(Hero),"रू. 1,25,000",Manual,Standard,Petrol,2017,55,https://hamrobazaar.com/product/super-spender-bike-on-sale-in-kathmandu/e063205c916d4f6a9480711f02d5b1bc
Honda NX200,"रू. 3,90,000",Manual,Others,Petrol,2024,,https://hamrobazaar.com/product/honda-nx200-in-lalitpur/a2b503e082d6a124cd9f243ade1d1a4e
Ray Zr 051 Lot,"रू. 2,78,000",Automatic,Scooty,Petrol,2023,,https://hamrobazaar.com/product/ray-zr-051-lot-in-bhaktapur/ac6371482e2a9f3f929bc46c41d31ecb
120 lot abs 220f pulsar on sell,"रू. 2,14,000",Manual,Standard,Petrol,2020,40,https://hamrobazaar.com/product/120-lot-abs-220f-pulsar-on-sell-in-lalitpur/3bb5d6921d13d427d52869ac83fa9f94
bike on sale(Motorhead),"रू. 2,00,000",Automatic,Sport,Petrol,2021,30,https://hamrobazaar.com/product/bike-on-sale-in-nepal/9c625188692d4531ab90f0ff1d759f1d
MV Agusta Rivale800,"रू. 32,50,000",Manual,Others,Petrol,2015,15,https://hamrobazaar.com/product/mv-agusta-rivale800-in-kathmandu/76c7b37e89da0b935f63be964c793da8
"APACHE RTR 160 99 LOT , 9813296721","रू. 1,35,000",Manual,Standard,Petrol,2018,,https://hamrobazaar.com/product/apache-rtr-160-99-lot-9813296721-in-bhaktapur/1c00bfe116be11512080f3a5721f0b69
Ray Zr 141 Lot,"रू. 1,98,000",Automatic,Scooty,Petrol,2022,,https://hamrobazaar.com/product/ray-zr-141-lot-in-bhaktapur/83c4abf46461b4101580e5d6a9939647
Tvs Ntorq race Edition (117 lot),"रू. 1,54,000",Automatic,Scooty,Petrol,2020,,https://hamrobazaar.com/product/tvs-ntorq-race-edition-117-lot-in-kathmandu/f75a468ca552e712ef49cb32673a8498
"ns 200, madesh pradesh, bike in ktm","रू. 1,70,000",Manual,Standard,Petrol,2019,35,https://hamrobazaar.com/product/ns-200-madesh-pradesh-bike-in-ktm-in-kathmandu/e2684afc99d91aaa7d24ae46eb70a1ad
Aprilia Sr 150,"रू. 1,95,000",Manual,Scooty,Petrol,2022,,https://hamrobazaar.com/product/aprilia-sr-150-in-lalitpur/5a0938529c155e8fb8b81756fde17ac5
Hero Xtreme,"रू. 1,30,000",Manual,Sport,Petrol,2019,45,https://hamrobazaar.com/product/hero-xtreme-in-lalitpur/f1d648112ab7760492b7bef58b54fafc
190 XR Honda Bike,"रू. 4,50,000",,,,,,https://hamrobazaar.com/product/190-xr-honda-bike-in-kathmandu/744d69e2dd766980a9ff533d2468cdaa
Single Hand Vespa Sxl (Fixed Price),"रू. 79,999",Manual,Scooty,Petrol,2016,30,https://hamrobazaar.com/product/single-hand-vespa-sxl-fixed-price-in-kathmandu/4aed4e7eb065cd57502406c6fafd56c1
KTM DUKE 200 BS6(KTM),"रू. 3,70,000",Manual,Others,Petrol,2021,,https://hamrobazaar.com/product/ktm-duke-200-bs6-in-kathmandu/c11615bf1888b14a81c624b2e6c22935
Yamaha Rayzr 78Lot 2016 Model 9745326273,"रू. 75,000",Automatic,Scooty,Petrol,2016,,https://hamrobazaar.com/product/yamaha-rayzr-78lot-2016-model-9745326273-in-bhaktapur/c8bafe0fbf02ab18fda251f41b0e61fd
xpulse 026lot,"रू. 2,30,000",Automatic,Standard,Petrol,2021,,https://hamrobazaar.com/product/xpulse-026lot-in-bhaktapur/26959216a7784bd5ebc2a807671623ad
Hero Honda Super splendor,"रू. 1,00,000",Manual,Standard,Petrol,2017,55-60,https://hamrobazaar.com/product/hero-honda-super-splendor-in-kathmandu/bdcd18741362c3a762d03a9b20313a02
Ns 200cc Abs  123 lot 9823657076,"रू. 1,98,000",Manual,Standard,Petrol,2021,,https://hamrobazaar.com/product/ns-200cc-abs-123-lot-9823657076-in-bhaktapur/022fa6c629d38a664ab51fb98a2a3c90
dio bike for sale(Other Motorcycle Brands),"रू. 25,000",Automatic,Scooty,Petrol,2007,,https://hamrobazaar.com/product/dio-bike-for-sale-in-nepal/17595f387e7d4666847472f7a92df2f3
TVs Raider 136 Lot 2022 Model 9823657076,"रू. 1,73,000",Manual,Standard,Petrol,2022,,https://hamrobazaar.com/product/tvs-raider-136-lot-2022-model-9823657076-in-bhaktapur/95129e9cc91785076824724dbe66bce0
97 lot vespa 125cc,"रू. 1,25,000",Automatic,Scooty,Petrol,2017,35,https://hamrobazaar.com/product/97-lot-vespa-125cc-in-nepal/337dcf118becfce0ead6aae7709c8f65
Honda Dio 057 lot 2025 model on sale 9860797831,"रू. 2,50,000",Automatic,Scooty,Petrol,2025,50,https://hamrobazaar.com/product/honda-dio-057-lot-2025-model-on-sale-9860797831-in-lalitpur/81e76d198da242c4fa1f13bed9993c53
Bajaj Pulsar 150cc 79 Lot Sale Or Exchange,"रू. 1,25,000",Manual,Standard,Petrol,2016,45,https://hamrobazaar.com/product/bajaj-pulsar-150cc-79-lot-sale-or-exchange-in-kathmandu/26e58fecc6b2ff40bdf04ae89a557278
Yamaha R15 V3 113 Lot 2019 Model 9823657076,"रू. 2,53,000",Manual,Standard,Petrol,2019,,https://hamrobazaar.com/product/yamaha-r15-v3-113-lot-2019-model-9823657076-in-bhaktapur/0f59e9c471d6e7b9d5acff06b86ddefc
Horwin CR6 Black(Other Motorcycle Brands),"रू. 6,00,000",Automatic,Standard,Electric,2023,95KM,https://hamrobazaar.com/product/horwin-cr6-black-in-kathmandu/8005b50aa685575ffc37e80231e2bfac
Dio Scotty,"रू. 1,30,000",,,,,,https://hamrobazaar.com/product/dio-scotty-in-kathmandu/fc8a7840ee43bc7bd2b4873c94306c25
Itallica Formula 150cc Doube Disk 99 Lot Sale Or E,"रू. 1,29,000",Manual,Scooty,Petrol,2019,30,https://hamrobazaar.com/product/itallica-formula-150cc-doube-disk-99-lot-sale-or-e-in-kathmandu/4274529831d40aede4131c7a698bca87
Ntorq xp race edition 2024 model,"रू. 2,70,000",Automatic,Scooty,Petrol,2024,,https://hamrobazaar.com/product/ntorq-xp-race-edition-2024-model-in-jhapa/926879c893cc8777f27890473cc22282
Pleasure 63 Lot 2015 Model,"रू. 62,000",Automatic,Scooty,Petrol,2015,40,https://hamrobazaar.com/product/pleasure-63-lot-2015-model-in-bhaktapur/217de6b103cae784b3d2564071d9e584
Tvs Appachi 200 Abs Fi 141 Lot Sale Or Exchange,"रू. 2,79,000",Manual,Standard,Petrol,2022,40,https://hamrobazaar.com/product/tvs-appachi-200-abs-fi-141-lot-sale-or-exchange-in-kathmandu/0186cd141f51ca10cd9f39a7ee66badf
FZ V2 70k running Jankpur lot,"रू. 1,40,000",Automatic,Standard,Petrol,2017,40+,https://hamrobazaar.com/product/fz-v2-70k-running-jankpur-lot-in-kathmandu/0bbe71db913f10fb1dc72ce2908a2bc6
ns200 059 lot,"रू. 4,00,000",Manual,Sport,Petrol,2025,,https://hamrobazaar.com/product/ns200-059-lot-in-bhaktapur/9bf53c262b557b0c2c009ca268da3c59
KTM duke2000 BS4 On Sale,"रू. 2,33,000",Manual,Others,Petrol,2016,30,https://hamrobazaar.com/product/ktm-duke2000-bs4-on-sale-in-kathmandu/4f24f063fe7b7e65a0a5b4ddb1b4ad40
TVS Ntorq Race Edition Bs6 version,रू. 204,Automatic,Standard,Petrol,2020,,https://hamrobazaar.com/product/tvs-ntorq-race-edition-bs6-version-in-kathmandu/2d4d96c08fccfaf1eddcee2af5f9f11d
bullet wheel,"रू. 3,500",Automatic,Standard,Petrol,2021,,https://hamrobazaar.com/product/bullet-wheel-in-kathmandu/4d82c01f7eb73adac7609528f8f466a9
Fascino 72 lot urgent sale,"रू. 69,000",Automatic,Scooty,Petrol,2015,35,https://hamrobazaar.com/product/fascino-72-lot-urgent-sale-in-bhaktapur/fce91405e2c1f3cd99c9e884df331f6c
yamaha saluto(Yamaha),"रू. 1,00,000",Automatic,Standard,Petrol,2020,,https://hamrobazaar.com/product/yamaha-saluto-in-nepal/3b6c4fa8fb75447a8dd7a7036f9d73ad
Honda,"रू. 90,000",Manual,Standard,Petrol,2016,35,https://hamrobazaar.com/product/honda-in-kathmandu/91183f79674f8073d424256ac5bdad68
tvs jupiter on sale,"रू. 1,00,000",Automatic,Scooty,Petrol,2017,,https://hamrobazaar.com/product/tvs-jupiter-on-sale-in-nepal/c32843a9d50ca00d8d6aa96556790b9c
Yamaha FZ,"रू. 2,20,000",Manual,Standard,Petrol,2020,,https://hamrobazaar.com/product/yamaha-fz-in-bhaktapur/3d1076719989f33e277ee930c4c89678
MT-15 V2 058 Lot Only 5k Run,"रू. 4,65,000",Automatic,Sport,Petrol,2025,50,https://hamrobazaar.com/product/mt15-v2-058-lot-only-5k-run-in-bhaktapur/b98d5dc7698792124e67a00674a134d5
Foreign Country KO Visa lagako vayera urgent sale,"रू. 4,30,000",Automatic,Cruiser,Petrol,2023,35,https://hamrobazaar.com/product/foreign-country-ko-visa-lagako-vayera-urgent-sale-in-lalitpur/a1a966533009ccad48517fbe49f66d8c
"Honda Aviator Scooter  17,800 km","रू. 1,64,999",Automatic,Scooty,Petrol,2019,,https://hamrobazaar.com/product/honda-aviator-scooter-17800-km-in-kathmandu/b72760bfb15478cf1fe6c59c942f2bf6
Ntorq 125cc 156 Lot Super Fresh Condition Onsell,रू. 173,Manual,Scooty,Petrol,2022,,https://hamrobazaar.com/product/ntorq-125cc-156-lot-super-fresh-condition-onsell-in-bhaktapur/74116381ce2595c36f50fae8a2818068
Fz-x 149 Lot 2023 Model 9823657076,"रू. 2,83,000",Manual,Standard,Petrol,2023,,https://hamrobazaar.com/product/fzx-149-lot-2023-model-9823657076-in-bhaktapur/dc6e6285a324eb719a3aaada5721ec2c
Tvs ntorq on sale,"रू. 1,70,000",Automatic,Standard,Petrol,2022,,https://hamrobazaar.com/product/tvs-ntorq-on-sale-in-kathmandu/b8932f252d62d02464e66513bf083b89
Avenger 220,"रू. 90,000",Manual,Cruiser,Petrol,2010,35,https://hamrobazaar.com/product/avenger-220-in-lalitpur/f793f18362becac88999406efbd42616
TVs Rider 125 Cc 140 Lot 2022 Model 9823657076,"रू. 1,88,000",Manual,Standard,Petrol,2022,,https://hamrobazaar.com/product/tvs-rider-125-cc-140-lot-2022-model-9823657076-in-bhaktapur/45604e662a2a3732aede059c2c3bce0d
Honda Scooter,"रू. 2,45,000",Automatic,Scooty,Petrol,2024,45,https://hamrobazaar.com/product/honda-scooter-in-lalitpur/2a871ae7d7fbfc6d72ac5833ad8777ec
Yamaha R15 V3 102 Lot 2018 Model 9823657076,"रू. 2,28,000",Manual,Standard,Petrol,2018,,https://hamrobazaar.com/product/yamaha-r15-v3-102-lot-2018-model-9823657076-in-bhaktapur/26970905b95c1536e9f347b1005b37b2
royal enfield reborn 350 on sale,"रू. 4,39,999",Manual,Cruiser,Petrol,2023,35,https://hamrobazaar.com/product/royal-enfield-reborn-350-on-sale-in-lalitpur/697d343fa83e5d76eab2ac012265c6a3
Yamaha Fz V2 2017 Model 9823657076,"रू. 1,43,000",Manual,Standard,Petrol,2017,,https://hamrobazaar.com/product/yamaha-fz-v2-2017-model-9823657076-in-bhaktapur/368b74c5971ec69aabc152e82ead6fd5
Vespa vlx 150,"रू. 1,43,000",Manual,Scooty,Petrol,2017,,https://hamrobazaar.com/product/vespa-vlx-150-in-lalitpur/29067b9e07fe0101938842176daaf544
Ns 200 Non Abs,"रू. 2,20,000",,,,,,https://hamrobazaar.com/product/ns-200-non-abs-in-bara/3fc4e13a0ff9d814299e55af95451c48
Yamaha bike FZS Version 2,"रू. 1,10,000",Manual,Standard,Petrol,2015,,https://hamrobazaar.com/product/yamaha-bike-fzs-version-2-in-kathmandu/12d2ee75a0ae1e55e0440370984a3098
fz v1 sale or exchange,"रू. 1,10,000",Manual,Sport,Petrol,2016,45,https://hamrobazaar.com/product/fz-v1-sale-or-exchange-in-kathmandu/ce653359d54bb3ac547cdb43b36b222c
Bullet 350cc 80 Lot 9823657076,"रू. 3,48,000",Manual,Standard,Petrol,2016,,https://hamrobazaar.com/product/bullet-350cc-80-lot-9823657076-in-bhaktapur/6eda79f5782ff68b08c9d768c3e3a0ae
tiktok likes views and followers,रू. 99,Manual,Standard,Petrol,2025,,https://hamrobazaar.com/product/tiktok-likes-views-and-followers-in-kathmandu/ee855113270c8c407b4dd20047d248de
Yamaha Fz V2 149 Lot 2023 Model 9823657076,"रू. 2,78,000",Manual,Standard,Petrol,2023,,https://hamrobazaar.com/product/yamaha-fz-v2-149-lot-2023-model-9823657076-in-bhaktapur/b2ae1fe7805f13b151386b211cc8a2d7
NS 200 BS7 on sale. Urgent sale. 18500km run.(Bajaj),"रू. 3,20,000",Manual,Sport,Petrol,2023,40.,https://hamrobazaar.com/product/ns-200-bs7-on-sale-urgent-sale-18500km-run-in-kathmandu/6f57714c039cc8d52691b666f54db3e8
Honda shine 49 lot sale,"रू. 68,000",Automatic,Standard,Petrol,2008,40,https://hamrobazaar.com/product/honda-shine-49-lot-sale-in-kathmandu/9006c864a82bfad9b14fe3a5f4a11e09
Duke 200cc 69 lot 9823657076,"रु 183,000",Manual,Standard,Petrol,2015,,https://hamrobazaar.com/product/duke-200cc-69-lot-9823657076-in-bhaktapur/245974682f9a165ad315a31745e77f94
Urgent Duke 200 On Sale(KTM),"रू. 2,20,000",Manual,Sport,Petrol,2016,,https://hamrobazaar.com/product/urgent-duke-200-on-sale-in-kathmandu/0986713cb91586f7587af4c75e27ed0d
2022 model pulsar 150 TD on sell,"रू. 1,65,999",Manual,Standard,Petrol,2022,45,https://hamrobazaar.com/product/2022-model-pulsar-150-td-on-sell-in-sarlahi/3b5516e6cbfaf9e08d91084340547a54
honda dio 1st hand  2022 fresh 9849686911,"रू. 1,88,500",Manual,Scooty,Petrol,2023,45,https://hamrobazaar.com/product/honda-dio-1st-hand-2022-fresh-9849686911-in-kathmandu/8408e4878086a21773c1ced1e7a1a0fd
Sale bike FZS V3 gray colour,"रू. 3,50,000",Automatic,Standard,Petrol,2024,,https://hamrobazaar.com/product/sale-bike-fzs-v3-gray-colour-in-kathmandu/93f4f146cdde6c0c15e8c3e3d670d302
Hero Masterio 125cc 98 Lot Sale Or Exchange,"रू. 89,000",Manual,Scooty,Petrol,2018,45,https://hamrobazaar.com/product/hero-masterio-125cc-98-lot-sale-or-exchange-in-kathmandu/32d9d8fe9fab57d32673ed4fc3bb20b2
Hj250 on sale,रू. 290,Manual,Dirt,Petrol,2020,,https://hamrobazaar.com/product/hj250-on-sale-in-kathmandu/653fc981c7a4bef4e1f3070e49e9501d
Jupitar 91 Lot 9823657076,"रू. 87,000",Manual,Standard,Petrol,2017,,https://hamrobazaar.com/product/jupitar-91-lot-9823657076-in-bhaktapur/54030b86cf66028d86415fc14b031c84
"R15 v3 fully wrapped, fresh condition on sell(Yamaha)","रू. 3,50,000",Manual,Sport,Petrol,2020,45 - 50 kmpl,https://hamrobazaar.com/product/r15-v3-fully-wrapped-fresh-condition-on-sell-in-kathmandu/f78b6e3328ec49b38e7579981b5d1189
Bajaj Pulsar 150cc TD 101 Lot Sal Or Ex,"रू. 1,35,000",Manual,Standard,Petrol,2019,40,https://hamrobazaar.com/product/bajaj-pulsar-150cc-td-101-lot-sal-or-ex-in-kathmandu/ecf9dd4511d631b6359bfa252ee4ce64
Fz V2 149 Lot 2024 Model 9823657076,"रू. 2,73,000",Manual,Standard,Petrol,2024,,https://hamrobazaar.com/product/fz-v2-149-lot-2024-model-9823657076-in-bhaktapur/7272fb81655cd832c32c4aa903f6ef31
yamaha fz on sale(Yamaha),"रू. 1,60,000",Manual,Others,Petrol,2018,45,https://hamrobazaar.com/product/yamaha-fz-on-sale-in-kathmandu/83b52c3023a2995632aa2568c309ae46
Honda Shine Diskbreak 134 Lot Sale Or Exchange,"रू. 1,89,000",Manual,Standard,Petrol,2022,55,https://hamrobazaar.com/product/honda-shine-diskbreak-134-lot-sale-or-exchange-in-kathmandu/f08409eaa7c58f5064503b9c20d5534f
Yahama Rayz 101 Lot Sale Or Ex,"रू. 97,000",Manual,Scooty,Petrol,2018,45,https://hamrobazaar.com/product/yahama-rayz-101-lot-sale-or-ex-in-kathmandu/2280fbfa896f621b5d486b6fc85ecc05
Ntorq XP Top Model,"रू. 2,35,000",Automatic,Scooty,Petrol,2022,,https://hamrobazaar.com/product/ntorq-xp-top-model-in-bhaktapur/8a5f36f79ddbf302759515d3bf483133
Tvs Rtr apache160 fresh 93 lot fixp,"रू. 1,19,000",Manual,Standard,Hybrid,0,,https://hamrobazaar.com/product/tvs-rtr-apache160-fresh-93-lot-fixp-in-kathmandu/5d7fa3c4c6a24646a7f3354a601d05ac
Cf Moto Nk 250 97 Lot Super Fresh Condition Onsell,"रू. 1,77,000",Manual,Sport,Petrol,2018,,https://hamrobazaar.com/product/cf-moto-nk-250-97-lot-super-fresh-condition-onsell-in-bhaktapur/87cb8c02013c0d7b709e3715f238fa89
BAJAJ RS 200 On Sale & Exchange,"रू. 1,60,000",Automatic,Sport,Petrol,2015,,https://hamrobazaar.com/product/bajaj-rs-200-on-sale-exchange-in-bhaktapur/5956f69022cc04ee7a7fddf5e46269ab
Taro Motor AlexOne 150Cc 134 Lots Sale/Xchange,"रू. 1,99,900",Automatic,Sport,Petrol,2022,30,https://hamrobazaar.com/product/taro-motor-alexone-150cc-134-lots-salexchange-in-kathmandu/ca1996d8467656d4c8241ff717c94049
bike,"रू. 2,50,000",Manual,Sport,Petrol,2020,35,https://hamrobazaar.com/product/bike-in-kathmandu/1f1392ccfe16ca069a5daaf6906ba23b
Aprilla 150cc 2019 Model 9823657076,"रू. 1,30,000",Manual,Standard,Petrol,2019,,https://hamrobazaar.com/product/aprilla-150cc-2019-model-9823657076-in-bhaktapur/17ccbda04ffe33cbd2d95804f6860e9c
BRAND NEW MOTORHEAD SCRAMBLER 250 ON SALE(Motorhead),"रू. 2,95,000",Manual,Dirt,Petrol,2020,,https://hamrobazaar.com/product/brand-new-motorhead-scrambler-250-on-sale-in-kathmandu/9ba45fbc4e8c1ae93f6cf9114d651555
Ace British 400 On Sale(Other Motorcycle Brands),"रू. 2,50,000",,Standard,,2016,30,https://hamrobazaar.com/product/ace-british-400-on-sale-in-kathmandu/7a6fde4a778d4fa99e45a605eec42528
Fascino Fully Fresh Lot-88 Condition Super,"रू. 95,000",Manual,Scooty,Petrol,2017,,https://hamrobazaar.com/product/fascino-fully-fresh-lot88-condition-super-in-bhaktapur/bd247b15755f2ca3b0033b39a241c019
"Ntorq 132 Lot
2021 Last Model
9841605313","रू. 1,90,000",Automatic,Scooty,Petrol,2021,45,https://hamrobazaar.com/product/ntorq-132-lot2021-last-model9841605313-in-bhaktapur/6a7f5b6becf11e78dcdfd6e7c3d00dab
Vespa SXL 2016 LOT,"रू. 1,46,000",Automatic,Scooty,Petrol,2016,,https://hamrobazaar.com/product/vespa-sxl-2016-lot-in-bhaktapur/1a068d4ce72489782ce7bef013b4493f
Triumph speed 400,"रू. 5,90,000",Manual,Others,Petrol,2024398,25,https://hamrobazaar.com/product/triumph-speed-400-in-kathmandu/13d9641ffc320c913df6d0e8e171cbdd
Hero Supersplendor 125cc 95 Lot Sale Or Ex,"रू. 1,19,000",Manual,Standard,Petrol,2017,55,https://hamrobazaar.com/product/hero-supersplendor-125cc-95-lot-sale-or-ex-in-kathmandu/3f5f5dc0b0d5d3edc26c36ea5cebf801
fz v3 2021 model single handed.. 33000km running,"रू. 2,30,000",Manual,Standard,Petrol,2021,45,https://hamrobazaar.com/product/fz-v3-2021-model-single-handed-33000km-running-in-lalitpur/9515d57a4620e00ca2a46ade34190829
FZS V3,"रू. 2,15,000",Automatic,Standard,Petrol,2019,42,https://hamrobazaar.com/product/fzs-v3-in-bhaktapur/ea848362e2d205f8472d8fa76d2855ba
Cf Moto Nk 250cc 97 Lot 9823657076,"रू. 1,58,000",Manual,Standard,Petrol,2018,,https://hamrobazaar.com/product/cf-moto-nk-250cc-97-lot-9823657076-in-bhaktapur/47978fee6ef9b2b8700216226a24094a
"Royal Enfield, Hunter.  Bike On rent","रू. 4,000",Automatic,Cruiser,Petrol,2024,,https://hamrobazaar.com/product/royal-enfield-hunter-bike-on-rent-in-kathmandu/4e817cd1c7a7507d6a1447d25503a7de
Dio scooter 60 lot on sale,"रू. 95,000",Automatic,Scooty,Petrol,2014,35+,https://hamrobazaar.com/product/dio-scooter-60-lot-on-sale-in-lalitpur/4a2c7a9084e5817bd76286cb78e5d391
Harley Davidson Street 750 Mat Black,"रू. 20,00,000",Manual,Cruiser,Petrol,2019,15,https://hamrobazaar.com/product/harley-davidson-street-750-mat-black-in-kaski/3b2808e762dae55ff8009f298b1b31ce
Pulsar 150cc fully fresh 77 lot 9803656430,"रू. 1,00,000",Automatic,Standard,Petrol,2016,45+,https://hamrobazaar.com/product/pulsar-150cc-fully-fresh-77-lot-9803656430-in-bhaktapur/52f1de681a13763f181a477eb1c4bcfc
Honda Hornet 101 Lot Super Fresh Condition Onsell,"रू. 1,37,000",Manual,Sport,Petrol,2018,,https://hamrobazaar.com/product/honda-hornet-101-lot-super-fresh-condition-onsell-in-bhaktapur/d3321dd7522bceb01c1725775f9a82a6
Vespa VXL 125cc,"रू. 1,80,000",Automatic,Scooty,Petrol,2022,,https://hamrobazaar.com/product/vespa-vxl-125cc-in-kathmandu/0a8fec175eb81ca709d519c41fd0a2e1
